Indicator ID,Indicator Name,Parent Code,Parent Name,Area Code,AreaName,Area Type,Sex,Age,Category Type,Category,Time period,Value,Lower CI 95.0 limit,Upper CI 95.0 limit,Lower CI 99.8 limit,Upper CI 99.8 limit,Count,Denominator,Value note,Recent Trend,Compared to England value or percentiles,Compared to parent value or percentiles,Time period Sortable,New data,Compared to goal
92443,Smoking Prevalence in adults (18+) - current smokers (APS),,,E92000001,England,England,Persons,18+ yrs,,,2019,13.88213277,13.64386509,14.12040045,13.50649267,14.25777287,"6,144,703",,,Cannot be calculated,,,20190000,,
92443,Smoking Prevalence in adults (18+) - current smokers (APS),E92000001,England,E12000003,Yorkshire and the Humber region,Government Office Region,Persons,18+ yrs,,,2019,15.6961457,14.98229561,16.4099958,,,"680,118",,,Cannot be calculated,Worse,,20190000,,
92443,Smoking Prevalence in adults (18+) - current smokers (APS),E12000003,Yorkshire and the Humber region,E08000016,Barnsley,Lower tier local authorities (4/19 - 3/20),Persons,18+ yrs,,,2019,18.2875,15.5155,21.0595,,,"35,804",,,Cannot be calculated,Worse,Similar,20190000,,
92443,Smoking Prevalence in adults (18+) - current smokers (APS),E12000003,Yorkshire and the Humber region,E08000032,Bradford,Lower tier local authorities (4/19 - 3/20),Persons,18+ yrs,,,2019,16.5115,13.8422,19.1808,,,"65,583",,,Cannot be calculated,Similar,Similar,20190000,,
92443,Smoking Prevalence in adults (18+) - current smokers (APS),E12000003,Yorkshire and the Humber region,E08000033,Calderdale,Lower tier local authorities (4/19 - 3/20),Persons,18+ yrs,,,2019,16.0869,13.6134,18.5603,,,"26,598",,,Cannot be calculated,Similar,Similar,20190000,,
92443,Smoking Prevalence in adults (18+) - current smokers (APS),E12000003,Yorkshire and the Humber region,E07000163,Craven,Lower tier local authorities (4/19 - 3/20),Persons,18+ yrs,,,2019,13.7779,4.2923,23.2635,,,"6,480",,,Cannot be calculated,Similar,Similar,20190000,,
92443,Smoking Prevalence in adults (18+) - current smokers (APS),E12000003,Yorkshire and the Humber region,E08000017,Doncaster,Lower tier local authorities (4/19 - 3/20),Persons,18+ yrs,,,2019,19.0958,16.1325,22.059,,,"46,779",,,Cannot be calculated,Worse,Worse,20190000,,
92443,Smoking Prevalence in adults (18+) - current smokers (APS),E12000003,Yorkshire and the Humber region,E06000011,East Riding of Yorkshire,Lower tier local authorities (4/19 - 3/20),Persons,18+ yrs,,,2019,12.1101,9.7661,14.4541,,,"33,682",,,Cannot be calculated,Similar,Better,20190000,,
92443,Smoking Prevalence in adults (18+) - current smokers (APS),E12000003,Yorkshire and the Humber region,E07000164,Hambleton,Lower tier local authorities (4/19 - 3/20),Persons,18+ yrs,,,2019,8.4228,3.6012,13.2443,,,"6,325",,,Cannot be calculated,Better,Better,20190000,,
92443,Smoking Prevalence in adults (18+) - current smokers (APS),E12000003,Yorkshire and the Humber region,E07000165,Harrogate,Lower tier local authorities (4/19 - 3/20),Persons,18+ yrs,,,2019,14.4014,9.5315,19.2713,,,"18,425",,,Cannot be calculated,Similar,Similar,20190000,,
92443,Smoking Prevalence in adults (18+) - current smokers (APS),E12000003,Yorkshire and the Humber region,E06000010,Kingston upon Hull,Lower tier local authorities (4/19 - 3/20),Persons,18+ yrs,,,2019,22.2221,18.8686,25.5756,,,"44,979",,,Cannot be calculated,Worse,Worse,20190000,,
92443,Smoking Prevalence in adults (18+) - current smokers (APS),E12000003,Yorkshire and the Humber region,E08000034,Kirklees,Lower tier local authorities (4/19 - 3/20),Persons,18+ yrs,,,2019,14.2768,11.9336,16.62,,,"48,497",,,Cannot be calculated,Similar,Similar,20190000,,
92443,Smoking Prevalence in adults (18+) - current smokers (APS),E12000003,Yorkshire and the Humber region,E08000035,Leeds,Lower tier local authorities (4/19 - 3/20),Persons,18+ yrs,,,2019,15.2608,12.9323,17.5894,,,"95,184",,,Cannot be calculated,Similar,Similar,20190000,,
92443,Smoking Prevalence in adults (18+) - current smokers (APS),E12000003,Yorkshire and the Humber region,E06000012,North East Lincolnshire,Lower tier local authorities (4/19 - 3/20),Persons,18+ yrs,,,2019,22.202,19.2046,25.1995,,,"27,763",,,Cannot be calculated,Worse,Worse,20190000,,
92443,Smoking Prevalence in adults (18+) - current smokers (APS),E12000003,Yorkshire and the Humber region,E06000013,North Lincolnshire,Lower tier local authorities (4/19 - 3/20),Persons,18+ yrs,,,2019,17.8364,15.151,20.5217,,,"24,374",,,Cannot be calculated,Worse,Similar,20190000,,
92443,Smoking Prevalence in adults (18+) - current smokers (APS),E12000003,Yorkshire and the Humber region,E07000166,Richmondshire,Lower tier local authorities (4/19 - 3/20),Persons,18+ yrs,,,2019,9.7776,1.6691,17.8861,,,"4,286",,,Cannot be calculated,Similar,Similar,20190000,,
92443,Smoking Prevalence in adults (18+) - current smokers (APS),E12000003,Yorkshire and the Humber region,E08000018,Rotherham,Lower tier local authorities (4/19 - 3/20),Persons,18+ yrs,,,2019,17.8461,14.8799,20.8122,,,"37,100",,,Cannot be calculated,Worse,Similar,20190000,,
92443,Smoking Prevalence in adults (18+) - current smokers (APS),E12000003,Yorkshire and the Humber region,E07000167,Ryedale,Lower tier local authorities (4/19 - 3/20),Persons,18+ yrs,,,2019,10.4422,1.6111,19.2734,,,"4,759",,,Cannot be calculated,Similar,Similar,20190000,,
92443,Smoking Prevalence in adults (18+) - current smokers (APS),E12000003,Yorkshire and the Humber region,E07000168,Scarborough,Lower tier local authorities (4/19 - 3/20),Persons,18+ yrs,,,2019,13.6084,8.6859,18.5308,,,"12,139",,,Cannot be calculated,Similar,Similar,20190000,,
92443,Smoking Prevalence in adults (18+) - current smokers (APS),E12000003,Yorkshire and the Humber region,E07000169,Selby,Lower tier local authorities (4/19 - 3/20),Persons,18+ yrs,,,2019,9.9206,4.9677,14.8735,,,"7,138",,,Cannot be calculated,Similar,Better,20190000,,
92443,Smoking Prevalence in adults (18+) - current smokers (APS),E12000003,Yorkshire and the Humber region,E08000019,Sheffield,Lower tier local authorities (4/19 - 3/20),Persons,18+ yrs,,,2019,13.9083,11.3765,16.4402,,,"64,968",,,Cannot be calculated,Similar,Similar,20190000,,
92443,Smoking Prevalence in adults (18+) - current smokers (APS),E12000003,Yorkshire and the Humber region,E08000036,Wakefield,Lower tier local authorities (4/19 - 3/20),Persons,18+ yrs,,,2019,16.6788,14.1123,19.2453,,,"45,778",,,Cannot be calculated,Worse,Similar,20190000,,
92443,Smoking Prevalence in adults (18+) - current smokers (APS),E12000003,Yorkshire and the Humber region,E06000014,York,Lower tier local authorities (4/19 - 3/20),Persons,18+ yrs,,,2019,11.9448,9.6815,14.2081,,,"20,783",,,Cannot be calculated,Similar,Better,20190000,,
92443,Smoking Prevalence in adults (18+) - current smokers (APS),E12000005,West Midlands region,E08000025,Birmingham,Lower tier local authorities (4/19 - 3/20),Persons,18+ yrs,,,2019,14.7893,12.6769,16.9017,,,"126,363",,,Cannot be calculated,Similar,Similar,20190000,,
92443,Smoking Prevalence in adults (18+) - current smokers (APS),E12000005,West Midlands region,E07000234,Bromsgrove,Lower tier local authorities (4/19 - 3/20),Persons,18+ yrs,,,2019,10.7877,5.7545,15.8209,,,"8,569",,,Cannot be calculated,Similar,Similar,20190000,,
92443,Smoking Prevalence in adults (18+) - current smokers (APS),E12000005,West Midlands region,E07000192,Cannock Chase,Lower tier local authorities (4/19 - 3/20),Persons,18+ yrs,,,2019,17.567,9.2614,25.8726,,,"14,163",,,Cannot be calculated,Similar,Similar,20190000,,
92443,Smoking Prevalence in adults (18+) - current smokers (APS),E12000005,West Midlands region,E08000026,Coventry,Lower tier local authorities (4/19 - 3/20),Persons,18+ yrs,,,2019,15.0719,12.5431,17.6008,,,"43,973",,,Cannot be calculated,Similar,Similar,20190000,,
92443,Smoking Prevalence in adults (18+) - current smokers (APS),E12000005,West Midlands region,E08000027,Dudley,Lower tier local authorities (4/19 - 3/20),Persons,18+ yrs,,,2019,13.5046,10.8179,16.1914,,,"34,039",,,Cannot be calculated,Similar,Similar,20190000,,
92443,Smoking Prevalence in adults (18+) - current smokers (APS),E12000005,West Midlands region,E07000193,East Staffordshire,Lower tier local authorities (4/19 - 3/20),Persons,18+ yrs,,,2019,16.7303,10.4215,23.0391,,,"15,672",,,Cannot be calculated,Similar,Similar,20190000,,
92443,Smoking Prevalence in adults (18+) - current smokers (APS),E12000005,West Midlands region,E06000019,Herefordshire,Lower tier local authorities (4/19 - 3/20),Persons,18+ yrs,,,2019,12.2712,10.0491,14.4932,,,"19,235",,,Cannot be calculated,Similar,Similar,20190000,,
92443,Smoking Prevalence in adults (18+) - current smokers (APS),E12000005,West Midlands region,E07000194,Lichfield,Lower tier local authorities (4/19 - 3/20),Persons,18+ yrs,,,2019,5.4386,2.2102,8.6671,,,"4,603",,,Cannot be calculated,Better,Better,20190000,,
92443,Smoking Prevalence in adults (18+) - current smokers (APS),E12000005,West Midlands region,E07000235,Malvern Hills,Lower tier local authorities (4/19 - 3/20),Persons,18+ yrs,,,2019,11.6071,5.9764,17.2378,,,"7,475",,,Cannot be calculated,Similar,Similar,20190000,,
92443,Smoking Prevalence in adults (18+) - current smokers (APS),E12000005,West Midlands region,E07000195,Newcastle-under-Lyme,Lower tier local authorities (4/19 - 3/20),Persons,18+ yrs,,,2019,16.6282,10.4764,22.7801,,,"17,619",,,Cannot be calculated,Similar,Similar,20190000,,
92443,Smoking Prevalence in adults (18+) - current smokers (APS),E12000005,West Midlands region,E07000218,North Warwickshire,Lower tier local authorities (4/19 - 3/20),Persons,18+ yrs,,,2019,15.1471,8.2127,22.0815,,,"7,945",,,Cannot be calculated,Similar,Similar,20190000,,
92443,Smoking Prevalence in adults (18+) - current smokers (APS),E12000005,West Midlands region,E07000219,Nuneaton and Bedworth,Lower tier local authorities (4/19 - 3/20),Persons,18+ yrs,,,2019,14.4547,9.1966,19.7128,,,"14,679",,,Cannot be calculated,Similar,Similar,20190000,,
92443,Smoking Prevalence in adults (18+) - current smokers (APS),E12000005,West Midlands region,E07000236,Redditch,Lower tier local authorities (4/19 - 3/20),Persons,18+ yrs,,,2019,9.7935,4.4945,15.0924,,,"6,492",,,Cannot be calculated,Similar,Similar,20190000,,
92443,Smoking Prevalence in adults (18+) - current smokers (APS),E12000005,West Midlands region,E07000220,Rugby,Lower tier local authorities (4/19 - 3/20),Persons,18+ yrs,,,2019,14.3155,7.677,20.9541,,,"12,078",,,Cannot be calculated,Similar,Similar,20190000,,
92443,Smoking Prevalence in adults (18+) - current smokers (APS),E12000005,West Midlands region,E08000028,Sandwell,Lower tier local authorities (4/19 - 3/20),Persons,18+ yrs,,,2019,15.3455,12.8227,17.8683,,,"37,750",,,Cannot be calculated,Similar,Similar,20190000,,
92443,Smoking Prevalence in adults (18+) - current smokers (APS),E12000005,West Midlands region,E06000051,Shropshire,Lower tier local authorities (4/19 - 3/20),Persons,18+ yrs,,,2019,13.7129,11.301,16.1249,,,"36,082",,,Cannot be calculated,Similar,Similar,20190000,,
92443,Smoking Prevalence in adults (18+) - current smokers (APS),E12000005,West Midlands region,E08000029,Solihull,Lower tier local authorities (4/19 - 3/20),Persons,18+ yrs,,,2019,12.5722,10.2335,14.9108,,,"21,225",,,Cannot be calculated,Similar,Similar,20190000,,
92443,Smoking Prevalence in adults (18+) - current smokers (APS),E12000005,West Midlands region,E07000196,South Staffordshire,Lower tier local authorities (4/19 - 3/20),Persons,18+ yrs,,,2019,9.4433,4.3218,14.5649,,,"8,748",,,Cannot be calculated,Similar,Similar,20190000,,
92443,Smoking Prevalence in adults (18+) - current smokers (APS),E12000005,West Midlands region,E07000197,Stafford,Lower tier local authorities (4/19 - 3/20),Persons,18+ yrs,,,2019,13.4061,7.696,19.1161,,,"14,895",,,Cannot be calculated,Similar,Similar,20190000,,
92443,Smoking Prevalence in adults (18+) - current smokers (APS),E12000005,West Midlands region,E07000198,Staffordshire Moorlands,Lower tier local authorities (4/19 - 3/20),Persons,18+ yrs,,,2019,14.8124,7.2261,22.3988,,,"11,934",,,Cannot be calculated,Similar,Similar,20190000,,
92443,Smoking Prevalence in adults (18+) - current smokers (APS),E12000005,West Midlands region,E06000021,Stoke-on-Trent,Lower tier local authorities (4/19 - 3/20),Persons,18+ yrs,,,2019,18.2483,15.6703,20.8262,,,"36,216",,,Cannot be calculated,Worse,Worse,20190000,,
92443,Smoking Prevalence in adults (18+) - current smokers (APS),E12000005,West Midlands region,E07000221,Stratford-on-Avon,Lower tier local authorities (4/19 - 3/20),Persons,18+ yrs,,,2019,11.8202,7.8344,15.806,,,"12,487",,,Cannot be calculated,Similar,Similar,20190000,,
92443,Smoking Prevalence in adults (18+) - current smokers (APS),E12000005,West Midlands region,E07000199,Tamworth,Lower tier local authorities (4/19 - 3/20),Persons,18+ yrs,,,2019,19.3883,10.9967,27.7799,,,"11,668",,,Cannot be calculated,Similar,Similar,20190000,,
92443,Smoking Prevalence in adults (18+) - current smokers (APS),E12000005,West Midlands region,E06000020,Telford and Wrekin,Lower tier local authorities (4/19 - 3/20),Persons,18+ yrs,,,2019,15.3846,12.8005,17.9687,,,"21,344",,,Cannot be calculated,Similar,Similar,20190000,,
92443,Smoking Prevalence in adults (18+) - current smokers (APS),E12000005,West Midlands region,E08000030,Walsall,Lower tier local authorities (4/19 - 3/20),Persons,18+ yrs,,,2019,15.0345,12.2273,17.8418,,,"32,551",,,Cannot be calculated,Similar,Similar,20190000,,
92443,Smoking Prevalence in adults (18+) - current smokers (APS),E12000005,West Midlands region,E07000222,Warwick,Lower tier local authorities (4/19 - 3/20),Persons,18+ yrs,,,2019,12.1182,7.6426,16.5938,,,"14,081",,,Cannot be calculated,Similar,Similar,20190000,,
92443,Smoking Prevalence in adults (18+) - current smokers (APS),E12000005,West Midlands region,E08000031,Wolverhampton,Lower tier local authorities (4/19 - 3/20),Persons,18+ yrs,,,2019,15.0993,12.4859,17.7127,,,"30,362",,,Cannot be calculated,Similar,Similar,20190000,,
92443,Smoking Prevalence in adults (18+) - current smokers (APS),E12000005,West Midlands region,E07000237,Worcester,Lower tier local authorities (4/19 - 3/20),Persons,18+ yrs,,,2019,10.7121,6.182,15.2421,,,"8,615",,,Cannot be calculated,Similar,Similar,20190000,,
92443,Smoking Prevalence in adults (18+) - current smokers (APS),E12000005,West Midlands region,E07000238,Wychavon,Lower tier local authorities (4/19 - 3/20),Persons,18+ yrs,,,2019,10.8032,6.7632,14.8432,,,"11,304",,,Cannot be calculated,Similar,Similar,20190000,,
92443,Smoking Prevalence in adults (18+) - current smokers (APS),E12000005,West Midlands region,E07000239,Wyre Forest,Lower tier local authorities (4/19 - 3/20),Persons,18+ yrs,,,2019,11.0742,6.0201,16.1283,,,"9,053",,,Cannot be calculated,Similar,Similar,20190000,,
92443,Smoking Prevalence in adults (18+) - current smokers (APS),E12000009,South West region,E06000022,Bath and North East Somerset,Lower tier local authorities (4/19 - 3/20),Persons,18+ yrs,,,2019,13.0439,10.4564,15.6314,,,"20,484",,,Cannot be calculated,Similar,Similar,20190000,,
92443,Smoking Prevalence in adults (18+) - current smokers (APS),E12000009,South West region,E06000058,"Bournemouth, Christchurch and Poole",Lower tier local authorities (4/19 - 3/20),Persons,18+ yrs,,,2019,13.8635,11.8431,15.8839,,,"44,330",,,Cannot be calculated,Similar,Similar,20190000,,
92443,Smoking Prevalence in adults (18+) - current smokers (APS),E12000009,South West region,E06000023,Bristol,Lower tier local authorities (4/19 - 3/20),Persons,18+ yrs,,,2019,17.9715,15.2256,20.7173,,,"66,358",,,Cannot be calculated,Worse,Worse,20190000,,
92443,Smoking Prevalence in adults (18+) - current smokers (APS),E12000009,South West region,E07000078,Cheltenham,Lower tier local authorities (4/19 - 3/20),Persons,18+ yrs,,,2019,10.6744,5.5793,15.7694,,,"9,929",,,Cannot be calculated,Similar,Similar,20190000,,
92443,Smoking Prevalence in adults (18+) - current smokers (APS),E12000009,South West region,E06000052,Cornwall,Lower tier local authorities (4/19 - 3/20),Persons,18+ yrs,,,2019,15.1674,12.6447,17.6902,,,"69,931",,,Cannot be calculated,Similar,Similar,20190000,,
92443,Smoking Prevalence in adults (18+) - current smokers (APS),E12000009,South West region,E07000079,Cotswold,Lower tier local authorities (4/19 - 3/20),Persons,18+ yrs,,,2019,11.0487,5.5567,16.5406,,,"8,094",,,Cannot be calculated,Similar,Similar,20190000,,
92443,Smoking Prevalence in adults (18+) - current smokers (APS),E12000009,South West region,E06000059,Dorset,Lower tier local authorities (4/19 - 3/20),Persons,18+ yrs,,,2019,10.1499,7.7553,12.5444,,,"31,530",,,Cannot be calculated,Better,Better,20190000,,
92443,Smoking Prevalence in adults (18+) - current smokers (APS),E12000009,South West region,E07000040,East Devon,Lower tier local authorities (4/19 - 3/20),Persons,18+ yrs,,,2019,10.2579,6.0645,14.4512,,,"12,317",,,Cannot be calculated,Similar,Similar,20190000,,
92443,Smoking Prevalence in adults (18+) - current smokers (APS),E12000009,South West region,E07000041,Exeter,Lower tier local authorities (4/19 - 3/20),Persons,18+ yrs,,,2019,11.4024,5.7664,17.0384,,,"12,402",,,Cannot be calculated,Similar,Similar,20190000,,
92443,Smoking Prevalence in adults (18+) - current smokers (APS),E12000009,South West region,E07000080,Forest of Dean,Lower tier local authorities (4/19 - 3/20),Persons,18+ yrs,,,2019,13.1527,5.7314,20.5739,,,"9,271",,,Cannot be calculated,Similar,Similar,20190000,,
92443,Smoking Prevalence in adults (18+) - current smokers (APS),E12000009,South West region,E07000081,Gloucester,Lower tier local authorities (4/19 - 3/20),Persons,18+ yrs,,,2019,20.149,14.4243,25.8737,,,"20,217",,,Cannot be calculated,Worse,Worse,20190000,,
92443,Smoking Prevalence in adults (18+) - current smokers (APS),E12000009,South West region,E06000053,Isles of Scilly,Lower tier local authorities (4/19 - 3/20),Persons,18+ yrs,,,2019,,,,,,-,,"<span class=""tooltipValueNote"">* Value suppressed for disclosure control due to small count</span>",Cannot be calculated,Not compared,Not compared,20190000,,
92443,Smoking Prevalence in adults (18+) - current smokers (APS),E12000009,South West region,E07000187,Mendip,Lower tier local authorities (4/19 - 3/20),Persons,18+ yrs,,,2019,12.4511,6.5852,18.317,,,"11,450",,,Cannot be calculated,Similar,Similar,20190000,,
92443,Smoking Prevalence in adults (18+) - current smokers (APS),E12000009,South West region,E07000042,Mid Devon,Lower tier local authorities (4/19 - 3/20),Persons,18+ yrs,,,2019,10.6226,4.677,16.5683,,,"6,935",,,Cannot be calculated,Similar,Similar,20190000,,
92443,Smoking Prevalence in adults (18+) - current smokers (APS),E12000009,South West region,E07000043,North Devon,Lower tier local authorities (4/19 - 3/20),Persons,18+ yrs,,,2019,16.4922,9.1362,23.8482,,,"12,918",,,Cannot be calculated,Similar,Similar,20190000,,
92443,Smoking Prevalence in adults (18+) - current smokers (APS),E12000009,South West region,E06000024,North Somerset,Lower tier local authorities (4/19 - 3/20),Persons,18+ yrs,,,2019,11.25,8.9965,13.5035,,,"19,276",,,Cannot be calculated,Better,Better,20190000,,
92443,Smoking Prevalence in adults (18+) - current smokers (APS),E12000009,South West region,E06000026,Plymouth,Lower tier local authorities (4/19 - 3/20),Persons,18+ yrs,,,2019,18.517,15.8016,21.2324,,,"38,738",,,Cannot be calculated,Worse,Worse,20190000,,
92443,Smoking Prevalence in adults (18+) - current smokers (APS),E12000009,South West region,E07000188,Sedgemoor,Lower tier local authorities (4/19 - 3/20),Persons,18+ yrs,,,2019,20.5051,14.3802,26.6299,,,"20,195",,,Cannot be calculated,Worse,Worse,20190000,,
92443,Smoking Prevalence in adults (18+) - current smokers (APS),E12000009,South West region,E07000246,Somerset West and Taunton,Lower tier local authorities (4/19 - 3/20),Persons,18+ yrs,,,2019,12.9138,7.6779,18.1496,,,"16,185",,,Cannot be calculated,Similar,Similar,20190000,,
92443,Smoking Prevalence in adults (18+) - current smokers (APS),E12000009,South West region,E06000025,South Gloucestershire,Lower tier local authorities (4/19 - 3/20),Persons,18+ yrs,,,2019,11.2015,8.7842,13.6189,,,"25,299",,,Cannot be calculated,Better,Better,20190000,,
92443,Smoking Prevalence in adults (18+) - current smokers (APS),E12000009,South West region,E07000044,South Hams,Lower tier local authorities (4/19 - 3/20),Persons,18+ yrs,,,2019,20.4286,11.341,29.5163,,,"14,603",,,Cannot be calculated,Similar,Similar,20190000,,
92443,Smoking Prevalence in adults (18+) - current smokers (APS),E12000009,South West region,E07000189,South Somerset,Lower tier local authorities (4/19 - 3/20),Persons,18+ yrs,,,2019,12.4555,8.1079,16.8031,,,"16,847",,,Cannot be calculated,Similar,Similar,20190000,,
92443,Smoking Prevalence in adults (18+) - current smokers (APS),E12000009,South West region,E07000082,Stroud,Lower tier local authorities (4/19 - 3/20),Persons,18+ yrs,,,2019,9.6319,5.2347,14.0291,,,"9,232",,,Cannot be calculated,Similar,Similar,20190000,,
92443,Smoking Prevalence in adults (18+) - current smokers (APS),E12000009,South West region,E06000030,Swindon,Lower tier local authorities (4/19 - 3/20),Persons,18+ yrs,,,2019,13.0965,10.7286,15.4644,,,"22,505",,,Cannot be calculated,Similar,Similar,20190000,,
92443,Smoking Prevalence in adults (18+) - current smokers (APS),E12000009,South West region,E07000045,Teignbridge,Lower tier local authorities (4/19 - 3/20),Persons,18+ yrs,,,2019,11.7502,6.9942,16.5062,,,"12,905",,,Cannot be calculated,Similar,Similar,20190000,,
92443,Smoking Prevalence in adults (18+) - current smokers (APS),E12000009,South West region,E07000083,Tewkesbury,Lower tier local authorities (4/19 - 3/20),Persons,18+ yrs,,,2019,12.29,7.2483,17.3317,,,"9,245",,,Cannot be calculated,Similar,Similar,20190000,,
92443,Smoking Prevalence in adults (18+) - current smokers (APS),E12000009,South West region,E06000027,Torbay,Lower tier local authorities (4/19 - 3/20),Persons,18+ yrs,,,2019,14.9859,12.6366,17.3353,,,"16,590",,,Cannot be calculated,Similar,Similar,20190000,,
92443,Smoking Prevalence in adults (18+) - current smokers (APS),E12000009,South West region,E07000046,Torridge,Lower tier local authorities (4/19 - 3/20),Persons,18+ yrs,,,2019,12.571,4.9169,20.225,,,"7,034",,,Cannot be calculated,Similar,Similar,20190000,,
92443,Smoking Prevalence in adults (18+) - current smokers (APS),E12000009,South West region,E07000047,West Devon,Lower tier local authorities (4/19 - 3/20),Persons,18+ yrs,,,2019,20.6234,10.4765,30.7703,,,"9,443",,,Cannot be calculated,Similar,Similar,20190000,,
92443,Smoking Prevalence in adults (18+) - current smokers (APS),E12000009,South West region,E06000054,Wiltshire,Lower tier local authorities (4/19 - 3/20),Persons,18+ yrs,,,2019,14.6023,12.1675,17.0372,,,"57,527",,,Cannot be calculated,Similar,Similar,20190000,,
92443,Smoking Prevalence in adults (18+) - current smokers (APS),E12000008,South East region,E07000223,Adur,Lower tier local authorities (4/19 - 3/20),Persons,18+ yrs,,,2019,5.1231,0.0847,10.1616,,,"2,617",,,Cannot be calculated,Better,Better,20190000,,
92443,Smoking Prevalence in adults (18+) - current smokers (APS),E12000008,South East region,E07000224,Arun,Lower tier local authorities (4/19 - 3/20),Persons,18+ yrs,,,2019,14.7365,8.7133,20.7597,,,"19,428",,,Cannot be calculated,Similar,Similar,20190000,,
92443,Smoking Prevalence in adults (18+) - current smokers (APS),E12000008,South East region,E07000105,Ashford,Lower tier local authorities (4/19 - 3/20),Persons,18+ yrs,,,2019,10.0916,5.0477,15.1355,,,"10,096",,,Cannot be calculated,Similar,Similar,20190000,,
92443,Smoking Prevalence in adults (18+) - current smokers (APS),E12000008,South East region,E07000004,Aylesbury Vale,Lower tier local authorities (4/19 - 3/20),Persons,18+ yrs,,,2019,11.3015,7.527,15.0761,,,"17,640",,,Cannot be calculated,Similar,Similar,20190000,,
92443,Smoking Prevalence in adults (18+) - current smokers (APS),E12000008,South East region,E07000084,Basingstoke and Deane,Lower tier local authorities (4/19 - 3/20),Persons,18+ yrs,,,2019,7.7297,4.2817,11.1778,,,"10,619",,,Cannot be calculated,Better,Better,20190000,,
92443,Smoking Prevalence in adults (18+) - current smokers (APS),E12000008,South East region,E06000036,Bracknell Forest,Lower tier local authorities (4/19 - 3/20),Persons,18+ yrs,,,2019,11.8619,9.5324,14.1915,,,"11,170",,,Cannot be calculated,Similar,Similar,20190000,,
92443,Smoking Prevalence in adults (18+) - current smokers (APS),E12000008,South East region,E06000043,Brighton and Hove,Lower tier local authorities (4/19 - 3/20),Persons,18+ yrs,,,2019,17.4997,14.5776,20.4217,,,"42,107",,,Cannot be calculated,Worse,Worse,20190000,,
92443,Smoking Prevalence in adults (18+) - current smokers (APS),E12000008,South East region,E07000106,Canterbury,Lower tier local authorities (4/19 - 3/20),Persons,18+ yrs,,,2019,8.3772,4.0525,12.7019,,,"11,366",,,Cannot be calculated,Better,Similar,20190000,,
92443,Smoking Prevalence in adults (18+) - current smokers (APS),E12000008,South East region,E07000177,Cherwell,Lower tier local authorities (4/19 - 3/20),Persons,18+ yrs,,,2019,11.7818,7.1421,16.4215,,,"13,788",,,Cannot be calculated,Similar,Similar,20190000,,
92443,Smoking Prevalence in adults (18+) - current smokers (APS),E12000008,South East region,E07000225,Chichester,Lower tier local authorities (4/19 - 3/20),Persons,18+ yrs,,,2019,9.2773,3.7146,14.84,,,"9,167",,,Cannot be calculated,Similar,Similar,20190000,,
92443,Smoking Prevalence in adults (18+) - current smokers (APS),E12000008,South East region,E07000005,Chiltern,Lower tier local authorities (4/19 - 3/20),Persons,18+ yrs,,,2019,8.4159,3.9412,12.8906,,,"6,206",,,Cannot be calculated,Better,Similar,20190000,,
92443,Smoking Prevalence in adults (18+) - current smokers (APS),E12000008,South East region,E07000226,Crawley,Lower tier local authorities (4/19 - 3/20),Persons,18+ yrs,,,2019,15.0738,8.3822,21.7653,,,"12,842",,,Cannot be calculated,Similar,Similar,20190000,,
92443,Smoking Prevalence in adults (18+) - current smokers (APS),E12000008,South East region,E07000107,Dartford,Lower tier local authorities (4/19 - 3/20),Persons,18+ yrs,,,2019,26.3579,5.108,47.6078,,,"22,351",,,Cannot be calculated,Similar,Similar,20190000,,
92443,Smoking Prevalence in adults (18+) - current smokers (APS),E12000008,South East region,E07000108,Dover,Lower tier local authorities (4/19 - 3/20),Persons,18+ yrs,,,2019,15.9011,9.4765,22.3258,,,"15,095",,,Cannot be calculated,Similar,Similar,20190000,,
92443,Smoking Prevalence in adults (18+) - current smokers (APS),E12000008,South East region,E07000085,East Hampshire,Lower tier local authorities (4/19 - 3/20),Persons,18+ yrs,,,2019,5.6273,1.4311,9.8236,,,"5,474",,,Cannot be calculated,Better,Better,20190000,,
92443,Smoking Prevalence in adults (18+) - current smokers (APS),E12000008,South East region,E07000061,Eastbourne,Lower tier local authorities (4/19 - 3/20),Persons,18+ yrs,,,2019,16.6754,9.1348,24.216,,,"13,965",,,Cannot be calculated,Similar,Similar,20190000,,
92443,Smoking Prevalence in adults (18+) - current smokers (APS),E12000008,South East region,E07000086,Eastleigh,Lower tier local authorities (4/19 - 3/20),Persons,18+ yrs,,,2019,8.9464,5.1057,12.7871,,,"9,390",,,Cannot be calculated,Better,Similar,20190000,,
92443,Smoking Prevalence in adults (18+) - current smokers (APS),E12000008,South East region,E07000207,Elmbridge,Lower tier local authorities (4/19 - 3/20),Persons,18+ yrs,,,2019,8.402,4.3155,12.4885,,,"8,639",,,Cannot be calculated,Better,Similar,20190000,,
92443,Smoking Prevalence in adults (18+) - current smokers (APS),E12000008,South East region,E07000208,Epsom and Ewell,Lower tier local authorities (4/19 - 3/20),Persons,18+ yrs,,,2019,9.9626,4.2564,15.6687,,,"6,158",,,Cannot be calculated,Similar,Similar,20190000,,
92443,Smoking Prevalence in adults (18+) - current smokers (APS),E12000008,South East region,E07000087,Fareham,Lower tier local authorities (4/19 - 3/20),Persons,18+ yrs,,,2019,11.251,5.5194,16.9826,,,"10,609",,,Cannot be calculated,Similar,Similar,20190000,,
92443,Smoking Prevalence in adults (18+) - current smokers (APS),E12000008,South East region,E07000112,Folkestone & Hythe,Lower tier local authorities (4/19 - 3/20),Persons,18+ yrs,,,2019,14.131,6.8594,21.4026,,,"12,951",,,Cannot be calculated,Similar,Similar,20190000,,
92443,Smoking Prevalence in adults (18+) - current smokers (APS),E12000008,South East region,E07000088,Gosport,Lower tier local authorities (4/19 - 3/20),Persons,18+ yrs,,,2019,18.1989,10.9929,25.4049,,,"12,258",,,Cannot be calculated,Similar,Similar,20190000,,
92443,Smoking Prevalence in adults (18+) - current smokers (APS),E12000008,South East region,E07000109,Gravesham,Lower tier local authorities (4/19 - 3/20),Persons,18+ yrs,,,2019,10.7403,3.1698,18.3109,,,"8,755",,,Cannot be calculated,Similar,Similar,20190000,,
92443,Smoking Prevalence in adults (18+) - current smokers (APS),E12000008,South East region,E07000209,Guildford,Lower tier local authorities (4/19 - 3/20),Persons,18+ yrs,,,2019,12.492,6.5838,18.4002,,,"14,954",,,Cannot be calculated,Similar,Similar,20190000,,
92443,Smoking Prevalence in adults (18+) - current smokers (APS),E12000008,South East region,E07000089,Hart,Lower tier local authorities (4/19 - 3/20),Persons,18+ yrs,,,2019,3.4103,0,7.0066,,,"2,572",,,Cannot be calculated,Better,Better,20190000,,
92443,Smoking Prevalence in adults (18+) - current smokers (APS),E12000008,South East region,E07000062,Hastings,Lower tier local authorities (4/19 - 3/20),Persons,18+ yrs,,,2019,16.5478,9.7224,23.3731,,,"12,176",,,Cannot be calculated,Similar,Similar,20190000,,
92443,Smoking Prevalence in adults (18+) - current smokers (APS),E12000008,South East region,E07000090,Havant,Lower tier local authorities (4/19 - 3/20),Persons,18+ yrs,,,2019,16.2163,9.9381,22.4945,,,"16,413",,,Cannot be calculated,Similar,Similar,20190000,,
92443,Smoking Prevalence in adults (18+) - current smokers (APS),E12000008,South East region,E07000227,Horsham,Lower tier local authorities (4/19 - 3/20),Persons,18+ yrs,,,2019,5.6707,2.2876,9.0538,,,"6,485",,,Cannot be calculated,Better,Better,20190000,,
92443,Smoking Prevalence in adults (18+) - current smokers (APS),E12000008,South East region,E06000046,Isle of Wight,Lower tier local authorities (4/19 - 3/20),Persons,18+ yrs,,,2019,14.4373,12.2725,16.6022,,,"16,896",,,Cannot be calculated,Similar,Worse,20190000,,
92443,Smoking Prevalence in adults (18+) - current smokers (APS),E12000008,South East region,E07000063,Lewes,Lower tier local authorities (4/19 - 3/20),Persons,18+ yrs,,,2019,10.1385,4.6444,15.6325,,,"8,444",,,Cannot be calculated,Similar,Similar,20190000,,
92443,Smoking Prevalence in adults (18+) - current smokers (APS),E12000008,South East region,E07000110,Maidstone,Lower tier local authorities (4/19 - 3/20),Persons,18+ yrs,,,2019,14.4645,7.4494,21.4796,,,"19,352",,,Cannot be calculated,Similar,Similar,20190000,,
92443,Smoking Prevalence in adults (18+) - current smokers (APS),E12000008,South East region,E06000035,Medway,Lower tier local authorities (4/19 - 3/20),Persons,18+ yrs,,,2019,14.0633,11.206,16.9206,,,"30,036",,,Cannot be calculated,Similar,Similar,20190000,,
92443,Smoking Prevalence in adults (18+) - current smokers (APS),E12000008,South East region,E07000228,Mid Sussex,Lower tier local authorities (4/19 - 3/20),Persons,18+ yrs,,,2019,8.5829,4.4454,12.7205,,,"10,117",,,Cannot be calculated,Better,Similar,20190000,,
92443,Smoking Prevalence in adults (18+) - current smokers (APS),E12000008,South East region,E06000042,Milton Keynes,Lower tier local authorities (4/19 - 3/20),Persons,18+ yrs,,,2019,15.0517,12.3653,17.7382,,,"30,202",,,Cannot be calculated,Similar,Worse,20190000,,
92443,Smoking Prevalence in adults (18+) - current smokers (APS),E12000008,South East region,E07000210,Mole Valley,Lower tier local authorities (4/19 - 3/20),Persons,18+ yrs,,,2019,8.2636,3.1921,13.335,,,"5,755",,,Cannot be calculated,Better,Similar,20190000,,
92443,Smoking Prevalence in adults (18+) - current smokers (APS),E12000008,South East region,E07000091,New Forest,Lower tier local authorities (4/19 - 3/20),Persons,18+ yrs,,,2019,8.119,4.6287,11.6092,,,"12,020",,,Cannot be calculated,Better,Better,20190000,,
92443,Smoking Prevalence in adults (18+) - current smokers (APS),E12000008,South East region,E07000178,Oxford,Lower tier local authorities (4/19 - 3/20),Persons,18+ yrs,,,2019,13.4709,6.8477,20.0942,,,"16,482",,,Cannot be calculated,Similar,Similar,20190000,,
92443,Smoking Prevalence in adults (18+) - current smokers (APS),E12000008,South East region,E06000044,Portsmouth,Lower tier local authorities (4/19 - 3/20),Persons,18+ yrs,,,2019,16.4464,13.7636,19.1293,,,"28,148",,,Cannot be calculated,Similar,Worse,20190000,,
92443,Smoking Prevalence in adults (18+) - current smokers (APS),E12000008,South East region,E06000038,Reading,Lower tier local authorities (4/19 - 3/20),Persons,18+ yrs,,,2019,13.949,11.1661,16.7319,,,"17,404",,,Cannot be calculated,Similar,Similar,20190000,,
92443,Smoking Prevalence in adults (18+) - current smokers (APS),E12000008,South East region,E07000211,Reigate and Banstead,Lower tier local authorities (4/19 - 3/20),Persons,18+ yrs,,,2019,8.7974,4.4431,13.1517,,,"10,086",,,Cannot be calculated,Better,Similar,20190000,,
92443,Smoking Prevalence in adults (18+) - current smokers (APS),E12000008,South East region,E07000064,Rother,Lower tier local authorities (4/19 - 3/20),Persons,18+ yrs,,,2019,12.4063,6.423,18.3895,,,"9,911",,,Cannot be calculated,Similar,Similar,20190000,,
92443,Smoking Prevalence in adults (18+) - current smokers (APS),E12000008,South East region,E07000212,Runnymede,Lower tier local authorities (4/19 - 3/20),Persons,18+ yrs,,,2019,17.6674,9.0667,26.2682,,,"12,755",,,Cannot be calculated,Similar,Similar,20190000,,
92443,Smoking Prevalence in adults (18+) - current smokers (APS),E12000008,South East region,E07000092,Rushmoor,Lower tier local authorities (4/19 - 3/20),Persons,18+ yrs,,,2019,16.4539,9.3829,23.525,,,"12,124",,,Cannot be calculated,Similar,Similar,20190000,,
92443,Smoking Prevalence in adults (18+) - current smokers (APS),E12000008,South East region,E07000111,Sevenoaks,Lower tier local authorities (4/19 - 3/20),Persons,18+ yrs,,,2019,12.463,5.0663,19.8597,,,"11,666",,,Cannot be calculated,Similar,Similar,20190000,,
92443,Smoking Prevalence in adults (18+) - current smokers (APS),E12000008,South East region,E06000039,Slough,Lower tier local authorities (4/19 - 3/20),Persons,18+ yrs,,,2019,16.1537,13.1678,19.1396,,,"17,192",,,Cannot be calculated,Similar,Worse,20190000,,
92443,Smoking Prevalence in adults (18+) - current smokers (APS),E12000008,South East region,E07000006,South Bucks,Lower tier local authorities (4/19 - 3/20),Persons,18+ yrs,,,2019,9.7825,3.6042,15.9607,,,"5,402",,,Cannot be calculated,Similar,Similar,20190000,,
92443,Smoking Prevalence in adults (18+) - current smokers (APS),E12000008,South East region,E07000179,South Oxfordshire,Lower tier local authorities (4/19 - 3/20),Persons,18+ yrs,,,2019,12.4457,7.7267,17.1647,,,"13,888",,,Cannot be calculated,Similar,Similar,20190000,,
92443,Smoking Prevalence in adults (18+) - current smokers (APS),E12000008,South East region,E06000045,Southampton,Lower tier local authorities (4/19 - 3/20),Persons,18+ yrs,,,2019,16.7968,14.1519,19.4417,,,"33,803",,,Cannot be calculated,Worse,Worse,20190000,,
92443,Smoking Prevalence in adults (18+) - current smokers (APS),E12000008,South East region,E07000213,Spelthorne,Lower tier local authorities (4/19 - 3/20),Persons,18+ yrs,,,2019,7.8051,3.412,12.1982,,,"6,094",,,Cannot be calculated,Better,Similar,20190000,,
92443,Smoking Prevalence in adults (18+) - current smokers (APS),E12000008,South East region,E07000214,Surrey Heath,Lower tier local authorities (4/19 - 3/20),Persons,18+ yrs,,,2019,11.3651,3.2885,19.4417,,,"7,952",,,Cannot be calculated,Similar,Similar,20190000,,
92443,Smoking Prevalence in adults (18+) - current smokers (APS),E12000008,South East region,E07000113,Swale,Lower tier local authorities (4/19 - 3/20),Persons,18+ yrs,,,2019,14.9894,7.9513,22.0275,,,"17,427",,,Cannot be calculated,Similar,Similar,20190000,,
92443,Smoking Prevalence in adults (18+) - current smokers (APS),E12000008,South East region,E07000215,Tandridge,Lower tier local authorities (4/19 - 3/20),Persons,18+ yrs,,,2019,7.9658,2.6861,13.2454,,,"5,497",,,Cannot be calculated,Better,Similar,20190000,,
92443,Smoking Prevalence in adults (18+) - current smokers (APS),E12000008,South East region,E07000093,Test Valley,Lower tier local authorities (4/19 - 3/20),Persons,18+ yrs,,,2019,9.1784,3.4865,14.8704,,,"9,165",,,Cannot be calculated,Similar,Similar,20190000,,
92443,Smoking Prevalence in adults (18+) - current smokers (APS),E12000008,South East region,E07000114,Thanet,Lower tier local authorities (4/19 - 3/20),Persons,18+ yrs,,,2019,20.992,13.5414,28.4426,,,"23,517",,,Cannot be calculated,Similar,Worse,20190000,,
92443,Smoking Prevalence in adults (18+) - current smokers (APS),E12000008,South East region,E07000115,Tonbridge and Malling,Lower tier local authorities (4/19 - 3/20),Persons,18+ yrs,,,2019,9.3496,3.6192,15.0799,,,"9,506",,,Cannot be calculated,Similar,Similar,20190000,,
92443,Smoking Prevalence in adults (18+) - current smokers (APS),E12000008,South East region,E07000116,Tunbridge Wells,Lower tier local authorities (4/19 - 3/20),Persons,18+ yrs,,,2019,8.0339,2.9158,13.1521,,,"7,372",,,Cannot be calculated,Better,Similar,20190000,,
92443,Smoking Prevalence in adults (18+) - current smokers (APS),E12000008,South East region,E07000180,Vale of White Horse,Lower tier local authorities (4/19 - 3/20),Persons,18+ yrs,,,2019,11.5798,6.1186,17.0411,,,"12,360",,,Cannot be calculated,Similar,Similar,20190000,,
92443,Smoking Prevalence in adults (18+) - current smokers (APS),E12000008,South East region,E07000216,Waverley,Lower tier local authorities (4/19 - 3/20),Persons,18+ yrs,,,2019,10.1337,5.0181,15.2493,,,"9,910",,,Cannot be calculated,Similar,Similar,20190000,,
92443,Smoking Prevalence in adults (18+) - current smokers (APS),E12000008,South East region,E07000065,Wealden,Lower tier local authorities (4/19 - 3/20),Persons,18+ yrs,,,2019,9.3715,4.8224,13.9207,,,"12,220",,,Cannot be calculated,Similar,Similar,20190000,,
92443,Smoking Prevalence in adults (18+) - current smokers (APS),E12000008,South East region,E06000037,West Berkshire,Lower tier local authorities (4/19 - 3/20),Persons,18+ yrs,,,2019,10.3468,8.0386,12.655,,,"12,712",,,Cannot be calculated,Better,Similar,20190000,,
92443,Smoking Prevalence in adults (18+) - current smokers (APS),E12000008,South East region,E07000181,West Oxfordshire,Lower tier local authorities (4/19 - 3/20),Persons,18+ yrs,,,2019,10.2588,4.7291,15.7886,,,"9,011",,,Cannot be calculated,Similar,Similar,20190000,,
92443,Smoking Prevalence in adults (18+) - current smokers (APS),E12000008,South East region,E07000094,Winchester,Lower tier local authorities (4/19 - 3/20),Persons,18+ yrs,,,2019,7.6608,2.8373,12.4843,,,"7,563",,,Cannot be calculated,Better,Similar,20190000,,
92443,Smoking Prevalence in adults (18+) - current smokers (APS),E12000008,South East region,E06000040,Windsor and Maidenhead,Lower tier local authorities (4/19 - 3/20),Persons,18+ yrs,,,2019,9.8081,7.8746,11.7417,,,"11,445",,,Cannot be calculated,Better,Better,20190000,,
92443,Smoking Prevalence in adults (18+) - current smokers (APS),E12000008,South East region,E07000217,Woking,Lower tier local authorities (4/19 - 3/20),Persons,18+ yrs,,,2019,7.5606,0.9098,14.2114,,,"5,807",,,Cannot be calculated,Similar,Similar,20190000,,
92443,Smoking Prevalence in adults (18+) - current smokers (APS),E12000008,South East region,E06000041,Wokingham,Lower tier local authorities (4/19 - 3/20),Persons,18+ yrs,,,2019,8.4147,6.5059,10.3234,,,"10,998",,,Cannot be calculated,Better,Better,20190000,,
92443,Smoking Prevalence in adults (18+) - current smokers (APS),E12000008,South East region,E07000229,Worthing,Lower tier local authorities (4/19 - 3/20),Persons,18+ yrs,,,2019,8.5077,3.6827,13.3328,,,"7,547",,,Cannot be calculated,Better,Similar,20190000,,
92443,Smoking Prevalence in adults (18+) - current smokers (APS),E12000008,South East region,E07000007,Wycombe,Lower tier local authorities (4/19 - 3/20),Persons,18+ yrs,,,2019,13.4069,9.2246,17.5893,,,"17,857",,,Cannot be calculated,Similar,Similar,20190000,,
92443,Smoking Prevalence in adults (18+) - current smokers (APS),E12000007,London region,E09000002,Barking and Dagenham,Lower tier local authorities (4/19 - 3/20),Persons,18+ yrs,,,2019,18.0653,13.8039,22.3266,,,"26,982",,,Cannot be calculated,Similar,Worse,20190000,,
92443,Smoking Prevalence in adults (18+) - current smokers (APS),E12000007,London region,E09000003,Barnet,Lower tier local authorities (4/19 - 3/20),Persons,18+ yrs,,,2019,11.1346,7.6649,14.6043,,,"33,648",,,Cannot be calculated,Similar,Similar,20190000,,
92443,Smoking Prevalence in adults (18+) - current smokers (APS),E12000007,London region,E09000004,Bexley,Lower tier local authorities (4/19 - 3/20),Persons,18+ yrs,,,2019,14.1653,10.8756,17.4551,,,"27,084",,,Cannot be calculated,Similar,Similar,20190000,,
92443,Smoking Prevalence in adults (18+) - current smokers (APS),E12000007,London region,E09000005,Brent,Lower tier local authorities (4/19 - 3/20),Persons,18+ yrs,,,2019,10.3323,6.4777,14.1869,,,"26,046",,,Cannot be calculated,Similar,Similar,20190000,,
92443,Smoking Prevalence in adults (18+) - current smokers (APS),E12000007,London region,E09000006,Bromley,Lower tier local authorities (4/19 - 3/20),Persons,18+ yrs,,,2019,9.4243,6.645,12.2036,,,"24,254",,,Cannot be calculated,Better,Better,20190000,,
92443,Smoking Prevalence in adults (18+) - current smokers (APS),E12000007,London region,E09000007,Camden,Lower tier local authorities (4/19 - 3/20),Persons,18+ yrs,,,2019,12.0478,8.2694,15.8263,,,"26,219",,,Cannot be calculated,Similar,Similar,20190000,,
92443,Smoking Prevalence in adults (18+) - current smokers (APS),E12000007,London region,E09000001,City of London,Lower tier local authorities (4/19 - 3/20),Persons,18+ yrs,,,2019,,,,,,-,,"<span class=""tooltipValueNote"">* Value suppressed for disclosure control due to small count</span>",Cannot be calculated,Not compared,Not compared,20190000,,
92443,Smoking Prevalence in adults (18+) - current smokers (APS),E12000007,London region,E09000008,Croydon,Lower tier local authorities (4/19 - 3/20),Persons,18+ yrs,,,2019,12.4302,9.4742,15.3862,,,"36,269",,,Cannot be calculated,Similar,Similar,20190000,,
92443,Smoking Prevalence in adults (18+) - current smokers (APS),E12000007,London region,E09000009,Ealing,Lower tier local authorities (4/19 - 3/20),Persons,18+ yrs,,,2019,9.9527,6.0573,13.8481,,,"25,841",,,Cannot be calculated,Better,Similar,20190000,,
92443,Smoking Prevalence in adults (18+) - current smokers (APS),E12000007,London region,E09000010,Enfield,Lower tier local authorities (4/19 - 3/20),Persons,18+ yrs,,,2019,15.8022,11.5436,20.0609,,,"39,424",,,Cannot be calculated,Similar,Similar,20190000,,
92443,Smoking Prevalence in adults (18+) - current smokers (APS),E12000007,London region,E09000011,Greenwich,Lower tier local authorities (4/19 - 3/20),Persons,18+ yrs,,,2019,12.7591,9.35,16.1681,,,"27,929",,,Cannot be calculated,Similar,Similar,20190000,,
92443,Smoking Prevalence in adults (18+) - current smokers (APS),E12000007,London region,E09000012,Hackney,Lower tier local authorities (4/19 - 3/20),Persons,18+ yrs,,,2019,14.4443,10.5148,18.3739,,,"31,381",,,Cannot be calculated,Similar,Similar,20190000,,
92443,Smoking Prevalence in adults (18+) - current smokers (APS),E12000007,London region,E09000013,Hammersmith and Fulham,Lower tier local authorities (4/19 - 3/20),Persons,18+ yrs,,,2019,10.3335,6.6737,13.9933,,,"15,305",,,Cannot be calculated,Similar,Similar,20190000,,
92443,Smoking Prevalence in adults (18+) - current smokers (APS),E12000007,London region,E09000014,Haringey,Lower tier local authorities (4/19 - 3/20),Persons,18+ yrs,,,2019,14.8978,10.5226,19.273,,,"31,107",,,Cannot be calculated,Similar,Similar,20190000,,
92443,Smoking Prevalence in adults (18+) - current smokers (APS),E12000007,London region,E09000015,Harrow,Lower tier local authorities (4/19 - 3/20),Persons,18+ yrs,,,2019,10.3632,6.2637,14.4627,,,"19,875",,,Cannot be calculated,Similar,Similar,20190000,,
92443,Smoking Prevalence in adults (18+) - current smokers (APS),E12000007,London region,E09000016,Havering,Lower tier local authorities (4/19 - 3/20),Persons,18+ yrs,,,2019,13.1834,9.8286,16.5383,,,"26,524",,,Cannot be calculated,Similar,Similar,20190000,,
92443,Smoking Prevalence in adults (18+) - current smokers (APS),E12000007,London region,E09000017,Hillingdon,Lower tier local authorities (4/19 - 3/20),Persons,18+ yrs,,,2019,11.7999,8.1915,15.4083,,,"27,469",,,Cannot be calculated,Similar,Similar,20190000,,
92443,Smoking Prevalence in adults (18+) - current smokers (APS),E12000007,London region,E09000018,Hounslow,Lower tier local authorities (4/19 - 3/20),Persons,18+ yrs,,,2019,14.2493,9.518,18.9805,,,"29,395",,,Cannot be calculated,Similar,Similar,20190000,,
92443,Smoking Prevalence in adults (18+) - current smokers (APS),E12000007,London region,E09000019,Islington,Lower tier local authorities (4/19 - 3/20),Persons,18+ yrs,,,2019,12.3545,8.5606,16.1485,,,"24,714",,,Cannot be calculated,Similar,Similar,20190000,,
92443,Smoking Prevalence in adults (18+) - current smokers (APS),E12000007,London region,E09000020,Kensington and Chelsea,Lower tier local authorities (4/19 - 3/20),Persons,18+ yrs,,,2019,14.9359,11.0341,18.8377,,,"18,999",,,Cannot be calculated,Similar,Similar,20190000,,
92443,Smoking Prevalence in adults (18+) - current smokers (APS),E12000007,London region,E09000021,Kingston upon Thames,Lower tier local authorities (4/19 - 3/20),Persons,18+ yrs,,,2019,9.2199,6.1631,12.2768,,,"12,722",,,Cannot be calculated,Better,Better,20190000,,
92443,Smoking Prevalence in adults (18+) - current smokers (APS),E12000007,London region,E09000022,Lambeth,Lower tier local authorities (4/19 - 3/20),Persons,18+ yrs,,,2019,13.363,9.7992,16.9268,,,"35,272",,,Cannot be calculated,Similar,Similar,20190000,,
92443,Smoking Prevalence in adults (18+) - current smokers (APS),E12000007,London region,E09000023,Lewisham,Lower tier local authorities (4/19 - 3/20),Persons,18+ yrs,,,2019,14.5324,10.9718,18.0931,,,"34,483",,,Cannot be calculated,Similar,Similar,20190000,,
92443,Smoking Prevalence in adults (18+) - current smokers (APS),E12000007,London region,E09000024,Merton,Lower tier local authorities (4/19 - 3/20),Persons,18+ yrs,,,2019,13.5473,9.7365,17.3581,,,"21,559",,,Cannot be calculated,Similar,Similar,20190000,,
92443,Smoking Prevalence in adults (18+) - current smokers (APS),E12000007,London region,E09000025,Newham,Lower tier local authorities (4/19 - 3/20),Persons,18+ yrs,,,2019,13.8136,9.3833,18.244,,,"36,891",,,Cannot be calculated,Similar,Similar,20190000,,
92443,Smoking Prevalence in adults (18+) - current smokers (APS),E12000007,London region,E09000026,Redbridge,Lower tier local authorities (4/19 - 3/20),Persons,18+ yrs,,,2019,13.3662,9.6356,17.0968,,,"30,605",,,Cannot be calculated,Similar,Similar,20190000,,
92443,Smoking Prevalence in adults (18+) - current smokers (APS),E12000007,London region,E09000027,Richmond upon Thames,Lower tier local authorities (4/19 - 3/20),Persons,18+ yrs,,,2019,7.9997,4.7286,11.2708,,,"12,172",,,Cannot be calculated,Better,Better,20190000,,
92443,Smoking Prevalence in adults (18+) - current smokers (APS),E12000007,London region,E09000028,Southwark,Lower tier local authorities (4/19 - 3/20),Persons,18+ yrs,,,2019,15.5585,11.853,19.2639,,,"39,445",,,Cannot be calculated,Similar,Similar,20190000,,
92443,Smoking Prevalence in adults (18+) - current smokers (APS),E12000007,London region,E09000029,Sutton,Lower tier local authorities (4/19 - 3/20),Persons,18+ yrs,,,2019,15.8264,12.3252,19.3276,,,"24,988",,,Cannot be calculated,Similar,Similar,20190000,,
92443,Smoking Prevalence in adults (18+) - current smokers (APS),E12000007,London region,E09000030,Tower Hamlets,Lower tier local authorities (4/19 - 3/20),Persons,18+ yrs,,,2019,15.0987,11.3082,18.8893,,,"38,117",,,Cannot be calculated,Similar,Similar,20190000,,
92443,Smoking Prevalence in adults (18+) - current smokers (APS),E12000007,London region,E09000031,Waltham Forest,Lower tier local authorities (4/19 - 3/20),Persons,18+ yrs,,,2019,16.1506,11.5872,20.714,,,"33,953",,,Cannot be calculated,Similar,Similar,20190000,,
92443,Smoking Prevalence in adults (18+) - current smokers (APS),E12000007,London region,E09000032,Wandsworth,Lower tier local authorities (4/19 - 3/20),Persons,18+ yrs,,,2019,13.4655,9.8329,17.0982,,,"35,713",,,Cannot be calculated,Similar,Similar,20190000,,
92443,Smoking Prevalence in adults (18+) - current smokers (APS),E12000007,London region,E09000033,Westminster,Lower tier local authorities (4/19 - 3/20),Persons,18+ yrs,,,2019,10.4713,7.0378,13.9048,,,"22,254",,,Cannot be calculated,Similar,Similar,20190000,,
92443,Smoking Prevalence in adults (18+) - current smokers (APS),E12000006,East of England region,E07000200,Babergh,Lower tier local authorities (4/19 - 3/20),Persons,18+ yrs,,,2019,10.5053,4.7407,16.2698,,,"7,819",,,Cannot be calculated,Similar,Similar,20190000,,
92443,Smoking Prevalence in adults (18+) - current smokers (APS),E12000006,East of England region,E07000066,Basildon,Lower tier local authorities (4/19 - 3/20),Persons,18+ yrs,,,2019,18.7292,12.8395,24.619,,,"26,858",,,Cannot be calculated,Similar,Similar,20190000,,
92443,Smoking Prevalence in adults (18+) - current smokers (APS),E12000006,East of England region,E06000055,Bedford,Lower tier local authorities (4/19 - 3/20),Persons,18+ yrs,,,2019,10.7554,7.3485,14.1623,,,"14,262",,,Cannot be calculated,Similar,Similar,20190000,,
92443,Smoking Prevalence in adults (18+) - current smokers (APS),E12000006,East of England region,E07000067,Braintree,Lower tier local authorities (4/19 - 3/20),Persons,18+ yrs,,,2019,18.4514,12.7037,24.1992,,,"22,134",,,Cannot be calculated,Similar,Similar,20190000,,
92443,Smoking Prevalence in adults (18+) - current smokers (APS),E12000006,East of England region,E07000143,Breckland,Lower tier local authorities (4/19 - 3/20),Persons,18+ yrs,,,2019,12.7248,6.5172,18.9324,,,"14,372",,,Cannot be calculated,Similar,Similar,20190000,,
92443,Smoking Prevalence in adults (18+) - current smokers (APS),E12000006,East of England region,E07000068,Brentwood,Lower tier local authorities (4/19 - 3/20),Persons,18+ yrs,,,2019,11.4687,4.0992,18.8381,,,"6,977",,,Cannot be calculated,Similar,Similar,20190000,,
92443,Smoking Prevalence in adults (18+) - current smokers (APS),E12000006,East of England region,E07000144,Broadland,Lower tier local authorities (4/19 - 3/20),Persons,18+ yrs,,,2019,12.8036,7.3165,18.2908,,,"13,650",,,Cannot be calculated,Similar,Similar,20190000,,
92443,Smoking Prevalence in adults (18+) - current smokers (APS),E12000006,East of England region,E07000095,Broxbourne,Lower tier local authorities (4/19 - 3/20),Persons,18+ yrs,,,2019,13.0487,5.6051,20.4924,,,"9,802",,,Cannot be calculated,Similar,Similar,20190000,,
92443,Smoking Prevalence in adults (18+) - current smokers (APS),E12000006,East of England region,E07000008,Cambridge,Lower tier local authorities (4/19 - 3/20),Persons,18+ yrs,,,2019,17.0502,9.5082,24.5923,,,"17,182",,,Cannot be calculated,Similar,Similar,20190000,,
92443,Smoking Prevalence in adults (18+) - current smokers (APS),E12000006,East of England region,E07000069,Castle Point,Lower tier local authorities (4/19 - 3/20),Persons,18+ yrs,,,2019,11.2602,4.1461,18.3744,,,"8,223",,,Cannot be calculated,Similar,Similar,20190000,,
92443,Smoking Prevalence in adults (18+) - current smokers (APS),E12000006,East of England region,E06000056,Central Bedfordshire,Lower tier local authorities (4/19 - 3/20),Persons,18+ yrs,,,2019,13.7038,10.6674,16.7402,,,"30,831",,,Cannot be calculated,Similar,Similar,20190000,,
92443,Smoking Prevalence in adults (18+) - current smokers (APS),E12000006,East of England region,E07000070,Chelmsford,Lower tier local authorities (4/19 - 3/20),Persons,18+ yrs,,,2019,7.5563,3.7706,11.342,,,"10,602",,,Cannot be calculated,Better,Better,20190000,,
92443,Smoking Prevalence in adults (18+) - current smokers (APS),E12000006,East of England region,E07000071,Colchester,Lower tier local authorities (4/19 - 3/20),Persons,18+ yrs,,,2019,10.9799,6.809,15.1509,,,"16,943",,,Cannot be calculated,Similar,Similar,20190000,,
92443,Smoking Prevalence in adults (18+) - current smokers (APS),E12000006,East of England region,E07000096,Dacorum,Lower tier local authorities (4/19 - 3/20),Persons,18+ yrs,,,2019,11.4369,6.5069,16.3669,,,"13,676",,,Cannot be calculated,Similar,Similar,20190000,,
92443,Smoking Prevalence in adults (18+) - current smokers (APS),E12000006,East of England region,E07000009,East Cambridgeshire,Lower tier local authorities (4/19 - 3/20),Persons,18+ yrs,,,2019,13.517,5.8757,21.1584,,,"9,483",,,Cannot be calculated,Similar,Similar,20190000,,
92443,Smoking Prevalence in adults (18+) - current smokers (APS),E12000006,East of England region,E07000242,East Hertfordshire,Lower tier local authorities (4/19 - 3/20),Persons,18+ yrs,,,2019,10.7681,6.1305,15.4056,,,"12,555",,,Cannot be calculated,Similar,Similar,20190000,,
92443,Smoking Prevalence in adults (18+) - current smokers (APS),E12000006,East of England region,E07000244,East Suffolk,Lower tier local authorities (4/19 - 3/20),Persons,18+ yrs,,,2019,17.4262,12.9455,21.907,,,"35,246",,,Cannot be calculated,Similar,Similar,20190000,,
92443,Smoking Prevalence in adults (18+) - current smokers (APS),E12000006,East of England region,E07000072,Epping Forest,Lower tier local authorities (4/19 - 3/20),Persons,18+ yrs,,,2019,13.2063,6.3709,20.0417,,,"13,718",,,Cannot be calculated,Similar,Similar,20190000,,
92443,Smoking Prevalence in adults (18+) - current smokers (APS),E12000006,East of England region,E07000010,Fenland,Lower tier local authorities (4/19 - 3/20),Persons,18+ yrs,,,2019,21.944,13.4855,30.4026,,,"17,899",,,Cannot be calculated,Similar,Similar,20190000,,
92443,Smoking Prevalence in adults (18+) - current smokers (APS),E12000006,East of England region,E07000145,Great Yarmouth,Lower tier local authorities (4/19 - 3/20),Persons,18+ yrs,,,2019,23.3799,14.3336,32.4262,,,"18,584",,,Cannot be calculated,Worse,Worse,20190000,,
92443,Smoking Prevalence in adults (18+) - current smokers (APS),E12000006,East of England region,E07000073,Harlow,Lower tier local authorities (4/19 - 3/20),Persons,18+ yrs,,,2019,18.6024,10.3263,26.8785,,,"12,166",,,Cannot be calculated,Similar,Similar,20190000,,
92443,Smoking Prevalence in adults (18+) - current smokers (APS),E12000006,East of England region,E07000098,Hertsmere,Lower tier local authorities (4/19 - 3/20),Persons,18+ yrs,,,2019,9.3501,3.3915,15.3087,,,"7,468",,,Cannot be calculated,Similar,Similar,20190000,,
92443,Smoking Prevalence in adults (18+) - current smokers (APS),E12000006,East of England region,E07000011,Huntingdonshire,Lower tier local authorities (4/19 - 3/20),Persons,18+ yrs,,,2019,9.882,5.6561,14.108,,,"13,968",,,Cannot be calculated,Similar,Similar,20190000,,
92443,Smoking Prevalence in adults (18+) - current smokers (APS),E12000006,East of England region,E07000202,Ipswich,Lower tier local authorities (4/19 - 3/20),Persons,18+ yrs,,,2019,20.6942,13.8596,27.5288,,,"21,948",,,Cannot be calculated,Similar,Worse,20190000,,
92443,Smoking Prevalence in adults (18+) - current smokers (APS),E12000006,East of England region,E07000146,King's Lynn and West Norfolk,Lower tier local authorities (4/19 - 3/20),Persons,18+ yrs,,,2019,14.6714,9.493,19.8497,,,"17,868",,,Cannot be calculated,Similar,Similar,20190000,,
92443,Smoking Prevalence in adults (18+) - current smokers (APS),E12000006,East of England region,E06000032,Luton,Lower tier local authorities (4/19 - 3/20),Persons,18+ yrs,,,2019,16.8442,14.5664,19.122,,,"26,204",,,Cannot be calculated,Worse,Worse,20190000,,
92443,Smoking Prevalence in adults (18+) - current smokers (APS),E12000006,East of England region,E07000074,Maldon,Lower tier local authorities (4/19 - 3/20),Persons,18+ yrs,,,2019,16.4796,7.9328,25.0263,,,"8,729",,,Cannot be calculated,Similar,Similar,20190000,,
92443,Smoking Prevalence in adults (18+) - current smokers (APS),E12000006,East of England region,E07000203,Mid Suffolk,Lower tier local authorities (4/19 - 3/20),Persons,18+ yrs,,,2019,11.9504,5.871,18.0299,,,"10,073",,,Cannot be calculated,Similar,Similar,20190000,,
92443,Smoking Prevalence in adults (18+) - current smokers (APS),E12000006,East of England region,E07000099,North Hertfordshire,Lower tier local authorities (4/19 - 3/20),Persons,18+ yrs,,,2019,9.4097,3.9886,14.8309,,,"9,826",,,Cannot be calculated,Similar,Similar,20190000,,
92443,Smoking Prevalence in adults (18+) - current smokers (APS),E12000006,East of England region,E07000147,North Norfolk,Lower tier local authorities (4/19 - 3/20),Persons,18+ yrs,,,2019,13.1341,7.028,19.2402,,,"11,622",,,Cannot be calculated,Similar,Similar,20190000,,
92443,Smoking Prevalence in adults (18+) - current smokers (APS),E12000006,East of England region,E07000148,Norwich,Lower tier local authorities (4/19 - 3/20),Persons,18+ yrs,,,2019,12.8629,7.9778,17.7481,,,"14,718",,,Cannot be calculated,Similar,Similar,20190000,,
92443,Smoking Prevalence in adults (18+) - current smokers (APS),E12000006,East of England region,E06000031,Peterborough,Lower tier local authorities (4/19 - 3/20),Persons,18+ yrs,,,2019,18.8316,15.8592,21.8041,,,"28,328",,,Cannot be calculated,Worse,Worse,20190000,,
92443,Smoking Prevalence in adults (18+) - current smokers (APS),E12000006,East of England region,E07000075,Rochford,Lower tier local authorities (4/19 - 3/20),Persons,18+ yrs,,,2019,5.4622,1.1636,9.7609,,,"3,845",,,Cannot be calculated,Better,Better,20190000,,
92443,Smoking Prevalence in adults (18+) - current smokers (APS),E12000006,East of England region,E07000012,South Cambridgeshire,Lower tier local authorities (4/19 - 3/20),Persons,18+ yrs,,,2019,7.2488,3.057,11.4405,,,"8,935",,,Cannot be calculated,Better,Better,20190000,,
92443,Smoking Prevalence in adults (18+) - current smokers (APS),E12000006,East of England region,E07000149,South Norfolk,Lower tier local authorities (4/19 - 3/20),Persons,18+ yrs,,,2019,13.9185,8.7041,19.1329,,,"15,638",,,Cannot be calculated,Similar,Similar,20190000,,
92443,Smoking Prevalence in adults (18+) - current smokers (APS),E12000006,East of England region,E06000033,Southend-on-Sea,Lower tier local authorities (4/19 - 3/20),Persons,18+ yrs,,,2019,13.2342,11.1469,15.3215,,,"18,976",,,Cannot be calculated,Similar,Similar,20190000,,
92443,Smoking Prevalence in adults (18+) - current smokers (APS),E12000006,East of England region,E07000240,St Albans,Lower tier local authorities (4/19 - 3/20),Persons,18+ yrs,,,2019,4.0707,0.9174,7.224,,,"4,541",,,Cannot be calculated,Better,Better,20190000,,
92443,Smoking Prevalence in adults (18+) - current smokers (APS),E12000006,East of England region,E07000243,Stevenage,Lower tier local authorities (4/19 - 3/20),Persons,18+ yrs,,,2019,10.3408,4.4428,16.2388,,,"6,994",,,Cannot be calculated,Similar,Similar,20190000,,
92443,Smoking Prevalence in adults (18+) - current smokers (APS),E12000006,East of England region,E07000076,Tendring,Lower tier local authorities (4/19 - 3/20),Persons,18+ yrs,,,2019,13.3902,9.0311,17.7492,,,"16,024",,,Cannot be calculated,Similar,Similar,20190000,,
92443,Smoking Prevalence in adults (18+) - current smokers (APS),E12000006,East of England region,E07000102,Three Rivers,Lower tier local authorities (4/19 - 3/20),Persons,18+ yrs,,,2019,12.2663,5.5489,18.9837,,,"8,833",,,Cannot be calculated,Similar,Similar,20190000,,
92443,Smoking Prevalence in adults (18+) - current smokers (APS),E12000006,East of England region,E06000034,Thurrock,Lower tier local authorities (4/19 - 3/20),Persons,18+ yrs,,,2019,17.5438,14.9028,20.1848,,,"22,753",,,Cannot be calculated,Worse,Worse,20190000,,
92443,Smoking Prevalence in adults (18+) - current smokers (APS),E12000006,East of England region,E07000077,Uttlesford,Lower tier local authorities (4/19 - 3/20),Persons,18+ yrs,,,2019,13.0046,6.8486,19.1605,,,"9,216",,,Cannot be calculated,Similar,Similar,20190000,,
92443,Smoking Prevalence in adults (18+) - current smokers (APS),E12000006,East of England region,E07000103,Watford,Lower tier local authorities (4/19 - 3/20),Persons,18+ yrs,,,2019,18.628,10.0986,27.1573,,,"13,565",,,Cannot be calculated,Similar,Similar,20190000,,
92443,Smoking Prevalence in adults (18+) - current smokers (APS),E12000006,East of England region,E07000241,Welwyn Hatfield,Lower tier local authorities (4/19 - 3/20),Persons,18+ yrs,,,2019,14.1365,8.0842,20.1888,,,"13,764",,,Cannot be calculated,Similar,Similar,20190000,,
92443,Smoking Prevalence in adults (18+) - current smokers (APS),E12000006,East of England region,E07000245,West Suffolk,Lower tier local authorities (4/19 - 3/20),Persons,18+ yrs,,,2019,16.0122,11.0654,20.9591,,,"22,534",,,Cannot be calculated,Similar,Similar,20190000,,
92443,Smoking Prevalence in adults (18+) - current smokers (APS),E12000004,East Midlands region,E07000032,Amber Valley,Lower tier local authorities (4/19 - 3/20),Persons,18+ yrs,,,2019,12.5382,7.4979,17.5785,,,"13,035",,,Cannot be calculated,Similar,Similar,20190000,,
92443,Smoking Prevalence in adults (18+) - current smokers (APS),E12000004,East Midlands region,E07000170,Ashfield,Lower tier local authorities (4/19 - 3/20),Persons,18+ yrs,,,2019,19.8232,13.1786,26.4678,,,"20,018",,,Cannot be calculated,Similar,Similar,20190000,,
92443,Smoking Prevalence in adults (18+) - current smokers (APS),E12000004,East Midlands region,E07000171,Bassetlaw,Lower tier local authorities (4/19 - 3/20),Persons,18+ yrs,,,2019,15.6845,9.2839,22.085,,,"14,737",,,Cannot be calculated,Similar,Similar,20190000,,
92443,Smoking Prevalence in adults (18+) - current smokers (APS),E12000004,East Midlands region,E07000129,Blaby,Lower tier local authorities (4/19 - 3/20),Persons,18+ yrs,,,2019,10.9334,4.9122,16.9546,,,"8,751",,,Cannot be calculated,Similar,Similar,20190000,,
92443,Smoking Prevalence in adults (18+) - current smokers (APS),E12000004,East Midlands region,E07000033,Bolsover,Lower tier local authorities (4/19 - 3/20),Persons,18+ yrs,,,2019,10.6283,4.583,16.6736,,,"6,869",,,Cannot be calculated,Similar,Similar,20190000,,
92443,Smoking Prevalence in adults (18+) - current smokers (APS),E12000004,East Midlands region,E07000136,Boston,Lower tier local authorities (4/19 - 3/20),Persons,18+ yrs,,,2019,18.4382,9.3022,27.5743,,,"10,195",,,Cannot be calculated,Similar,Similar,20190000,,
92443,Smoking Prevalence in adults (18+) - current smokers (APS),E12000004,East Midlands region,E07000172,Broxtowe,Lower tier local authorities (4/19 - 3/20),Persons,18+ yrs,,,2019,10.4689,5.5139,15.4238,,,"9,674",,,Cannot be calculated,Similar,Similar,20190000,,
92443,Smoking Prevalence in adults (18+) - current smokers (APS),E12000004,East Midlands region,E07000130,Charnwood,Lower tier local authorities (4/19 - 3/20),Persons,18+ yrs,,,2019,11.9893,7.6518,16.3268,,,"18,033",,,Cannot be calculated,Similar,Similar,20190000,,
92443,Smoking Prevalence in adults (18+) - current smokers (APS),E12000004,East Midlands region,E07000034,Chesterfield,Lower tier local authorities (4/19 - 3/20),Persons,18+ yrs,,,2019,13.7241,7.6927,19.7556,,,"11,671",,,Cannot be calculated,Similar,Similar,20190000,,
92443,Smoking Prevalence in adults (18+) - current smokers (APS),E12000004,East Midlands region,E07000150,Corby,Lower tier local authorities (4/19 - 3/20),Persons,18+ yrs,,,2019,27.5159,17.0893,37.9426,,,"14,968",,,Cannot be calculated,Worse,Worse,20190000,,
92443,Smoking Prevalence in adults (18+) - current smokers (APS),E12000004,East Midlands region,E07000151,Daventry,Lower tier local authorities (4/19 - 3/20),Persons,18+ yrs,,,2019,14.0056,6.3472,21.6641,,,"9,527",,,Cannot be calculated,Similar,Similar,20190000,,
92443,Smoking Prevalence in adults (18+) - current smokers (APS),E12000004,East Midlands region,E06000015,Derby,Lower tier local authorities (4/19 - 3/20),Persons,18+ yrs,,,2019,16.7379,13.8657,19.6101,,,"33,045",,,Cannot be calculated,Similar,Similar,20190000,,
92443,Smoking Prevalence in adults (18+) - current smokers (APS),E12000004,East Midlands region,E07000035,Derbyshire Dales,Lower tier local authorities (4/19 - 3/20),Persons,18+ yrs,,,2019,9.5101,3.5902,15.4299,,,"5,703",,,Cannot be calculated,Similar,Similar,20190000,,
92443,Smoking Prevalence in adults (18+) - current smokers (APS),E12000004,East Midlands region,E07000137,East Lindsey,Lower tier local authorities (4/19 - 3/20),Persons,18+ yrs,,,2019,14.9268,9.2556,20.598,,,"17,549",,,Cannot be calculated,Similar,Similar,20190000,,
92443,Smoking Prevalence in adults (18+) - current smokers (APS),E12000004,East Midlands region,E07000152,East Northamptonshire,Lower tier local authorities (4/19 - 3/20),Persons,18+ yrs,,,2019,17.1823,10.503,23.8616,,,"12,780",,,Cannot be calculated,Similar,Similar,20190000,,
92443,Smoking Prevalence in adults (18+) - current smokers (APS),E12000004,East Midlands region,E07000036,Erewash,Lower tier local authorities (4/19 - 3/20),Persons,18+ yrs,,,2019,16.6261,10.7802,22.4721,,,"15,356",,,Cannot be calculated,Similar,Similar,20190000,,
92443,Smoking Prevalence in adults (18+) - current smokers (APS),E12000004,East Midlands region,E07000173,Gedling,Lower tier local authorities (4/19 - 3/20),Persons,18+ yrs,,,2019,14.1799,8.2788,20.081,,,"13,383",,,Cannot be calculated,Similar,Similar,20190000,,
92443,Smoking Prevalence in adults (18+) - current smokers (APS),E12000004,East Midlands region,E07000131,Harborough,Lower tier local authorities (4/19 - 3/20),Persons,18+ yrs,,,2019,8.574,4.386,12.762,,,"6,379",,,Cannot be calculated,Better,Better,20190000,,
92443,Smoking Prevalence in adults (18+) - current smokers (APS),E12000004,East Midlands region,E07000037,High Peak,Lower tier local authorities (4/19 - 3/20),Persons,18+ yrs,,,2019,12.3029,6.1604,18.4454,,,"9,222",,,Cannot be calculated,Similar,Similar,20190000,,
92443,Smoking Prevalence in adults (18+) - current smokers (APS),E12000004,East Midlands region,E07000132,Hinckley and Bosworth,Lower tier local authorities (4/19 - 3/20),Persons,18+ yrs,,,2019,10.4091,4.4962,16.3221,,,"9,440",,,Cannot be calculated,Similar,Similar,20190000,,
92443,Smoking Prevalence in adults (18+) - current smokers (APS),E12000004,East Midlands region,E07000153,Kettering,Lower tier local authorities (4/19 - 3/20),Persons,18+ yrs,,,2019,9.1415,3.8754,14.4076,,,"7,175",,,Cannot be calculated,Similar,Better,20190000,,
92443,Smoking Prevalence in adults (18+) - current smokers (APS),E12000004,East Midlands region,E06000016,Leicester,Lower tier local authorities (4/19 - 3/20),Persons,18+ yrs,,,2019,15.4467,12.4831,18.4102,,,"41,728",,,Cannot be calculated,Similar,Similar,20190000,,
92443,Smoking Prevalence in adults (18+) - current smokers (APS),E12000004,East Midlands region,E07000138,Lincoln,Lower tier local authorities (4/19 - 3/20),Persons,18+ yrs,,,2019,24.8364,16.4252,33.2476,,,"20,157",,,Cannot be calculated,Worse,Worse,20190000,,
92443,Smoking Prevalence in adults (18+) - current smokers (APS),E12000004,East Midlands region,E07000174,Mansfield,Lower tier local authorities (4/19 - 3/20),Persons,18+ yrs,,,2019,18.7968,11.9557,25.6378,,,"16,255",,,Cannot be calculated,Similar,Similar,20190000,,
92443,Smoking Prevalence in adults (18+) - current smokers (APS),E12000004,East Midlands region,E07000133,Melton,Lower tier local authorities (4/19 - 3/20),Persons,18+ yrs,,,2019,20.911,11.9625,29.8595,,,"8,599",,,Cannot be calculated,Similar,Similar,20190000,,
92443,Smoking Prevalence in adults (18+) - current smokers (APS),E12000004,East Midlands region,E07000175,Newark and Sherwood,Lower tier local authorities (4/19 - 3/20),Persons,18+ yrs,,,2019,15.3595,8.0703,22.6487,,,"15,032",,,Cannot be calculated,Similar,Similar,20190000,,
92443,Smoking Prevalence in adults (18+) - current smokers (APS),E12000004,East Midlands region,E07000038,North East Derbyshire,Lower tier local authorities (4/19 - 3/20),Persons,18+ yrs,,,2019,8.6221,3.2678,13.9764,,,"7,146",,,Cannot be calculated,Similar,Better,20190000,,
92443,Smoking Prevalence in adults (18+) - current smokers (APS),E12000004,East Midlands region,E07000139,North Kesteven,Lower tier local authorities (4/19 - 3/20),Persons,18+ yrs,,,2019,9.3087,4.5651,14.0522,,,"8,757",,,Cannot be calculated,Similar,Better,20190000,,
92443,Smoking Prevalence in adults (18+) - current smokers (APS),E12000004,East Midlands region,E07000134,North West Leicestershire,Lower tier local authorities (4/19 - 3/20),Persons,18+ yrs,,,2019,14.0726,7.9242,20.221,,,"11,594",,,Cannot be calculated,Similar,Similar,20190000,,
92443,Smoking Prevalence in adults (18+) - current smokers (APS),E12000004,East Midlands region,E07000154,Northampton,Lower tier local authorities (4/19 - 3/20),Persons,18+ yrs,,,2019,18.772,13.5036,24.0403,,,"32,052",,,Cannot be calculated,Similar,Similar,20190000,,
92443,Smoking Prevalence in adults (18+) - current smokers (APS),E12000004,East Midlands region,E06000018,Nottingham,Lower tier local authorities (4/19 - 3/20),Persons,18+ yrs,,,2019,20.8927,18.0745,23.7108,,,"55,121",,,Cannot be calculated,Worse,Worse,20190000,,
92443,Smoking Prevalence in adults (18+) - current smokers (APS),E12000004,East Midlands region,E07000135,Oadby and Wigston,Lower tier local authorities (4/19 - 3/20),Persons,18+ yrs,,,2019,9.9709,3.7087,16.2332,,,"4,512",,,Cannot be calculated,Similar,Similar,20190000,,
92443,Smoking Prevalence in adults (18+) - current smokers (APS),E12000004,East Midlands region,E07000176,Rushcliffe,Lower tier local authorities (4/19 - 3/20),Persons,18+ yrs,,,2019,5.9092,2.4673,9.3512,,,"5,591",,,Cannot be calculated,Better,Better,20190000,,
92443,Smoking Prevalence in adults (18+) - current smokers (APS),E12000004,East Midlands region,E06000017,Rutland,Lower tier local authorities (4/19 - 3/20),Persons,18+ yrs,,,2019,10.1591,6.4925,13.8257,,,"3,258",,,Cannot be calculated,Better,Better,20190000,,
92443,Smoking Prevalence in adults (18+) - current smokers (APS),E12000004,East Midlands region,E07000039,South Derbyshire,Lower tier local authorities (4/19 - 3/20),Persons,18+ yrs,,,2019,15.7719,8.8697,22.6742,,,"13,349",,,Cannot be calculated,Similar,Similar,20190000,,
92443,Smoking Prevalence in adults (18+) - current smokers (APS),E12000004,East Midlands region,E07000140,South Holland,Lower tier local authorities (4/19 - 3/20),Persons,18+ yrs,,,2019,19.5318,12.3691,26.6945,,,"14,928",,,Cannot be calculated,Similar,Similar,20190000,,
92443,Smoking Prevalence in adults (18+) - current smokers (APS),E12000004,East Midlands region,E07000141,South Kesteven,Lower tier local authorities (4/19 - 3/20),Persons,18+ yrs,,,2019,9.5627,5.2153,13.9102,,,"10,811",,,Cannot be calculated,Similar,Better,20190000,,
92443,Smoking Prevalence in adults (18+) - current smokers (APS),E12000004,East Midlands region,E07000155,South Northamptonshire,Lower tier local authorities (4/19 - 3/20),Persons,18+ yrs,,,2019,6.7202,2.3725,11.0678,,,"4,992",,,Cannot be calculated,Better,Better,20190000,,
92443,Smoking Prevalence in adults (18+) - current smokers (APS),E12000004,East Midlands region,E07000156,Wellingborough,Lower tier local authorities (4/19 - 3/20),Persons,18+ yrs,,,2019,21.0011,12.1653,29.8369,,,"12,869",,,Cannot be calculated,Similar,Similar,20190000,,
92443,Smoking Prevalence in adults (18+) - current smokers (APS),E12000004,East Midlands region,E07000142,West Lindsey,Lower tier local authorities (4/19 - 3/20),Persons,18+ yrs,,,2019,15.4949,8.4735,22.5162,,,"11,968",,,Cannot be calculated,Similar,Similar,20190000,,
92443,Smoking Prevalence in adults (18+) - current smokers (APS),E12000002,North West region,E07000026,Allerdale,Lower tier local authorities (4/19 - 3/20),Persons,18+ yrs,,,2019,15.4945,10.2929,20.6961,,,"12,345",,,Cannot be calculated,Similar,Similar,20190000,,
92443,Smoking Prevalence in adults (18+) - current smokers (APS),E12000002,North West region,E07000027,Barrow-in-Furness,Lower tier local authorities (4/19 - 3/20),Persons,18+ yrs,,,2019,21.4451,13.7704,29.1197,,,"11,559",,,Cannot be calculated,Similar,Similar,20190000,,
92443,Smoking Prevalence in adults (18+) - current smokers (APS),E12000002,North West region,E06000008,Blackburn with Darwen,Lower tier local authorities (4/19 - 3/20),Persons,18+ yrs,,,2019,15.4993,13.2661,17.7324,,,"17,197",,,Cannot be calculated,Similar,Similar,20190000,,
92443,Smoking Prevalence in adults (18+) - current smokers (APS),E12000002,North West region,E06000009,Blackpool,Lower tier local authorities (4/19 - 3/20),Persons,18+ yrs,,,2019,23.4028,20.7245,26.081,,,"25,797",,,Cannot be calculated,Worse,Worse,20190000,,
92443,Smoking Prevalence in adults (18+) - current smokers (APS),E12000002,North West region,E08000001,Bolton,Lower tier local authorities (4/19 - 3/20),Persons,18+ yrs,,,2019,15.8667,13.4013,18.3321,,,"34,774",,,Cannot be calculated,Similar,Similar,20190000,,
92443,Smoking Prevalence in adults (18+) - current smokers (APS),E12000002,North West region,E07000117,Burnley,Lower tier local authorities (4/19 - 3/20),Persons,18+ yrs,,,2019,21.5403,13.3359,29.7446,,,"14,708",,,Cannot be calculated,Similar,Similar,20190000,,
92443,Smoking Prevalence in adults (18+) - current smokers (APS),E12000002,North West region,E08000002,Bury,Lower tier local authorities (4/19 - 3/20),Persons,18+ yrs,,,2019,12.7681,10.5393,14.9969,,,"18,859",,,Cannot be calculated,Similar,Similar,20190000,,
92443,Smoking Prevalence in adults (18+) - current smokers (APS),E12000002,North West region,E07000028,Carlisle,Lower tier local authorities (4/19 - 3/20),Persons,18+ yrs,,,2019,17.7338,11.4967,23.971,,,"15,459",,,Cannot be calculated,Similar,Similar,20190000,,
92443,Smoking Prevalence in adults (18+) - current smokers (APS),E12000002,North West region,E06000049,Cheshire East,Lower tier local authorities (4/19 - 3/20),Persons,18+ yrs,,,2019,13.8049,10.3638,17.246,,,"42,362",,,Cannot be calculated,Similar,Similar,20190000,,
92443,Smoking Prevalence in adults (18+) - current smokers (APS),E12000002,North West region,E06000050,Cheshire West and Chester,Lower tier local authorities (4/19 - 3/20),Persons,18+ yrs,,,2019,11.3421,8.2473,14.437,,,"31,125",,,Cannot be calculated,Similar,Better,20190000,,
92443,Smoking Prevalence in adults (18+) - current smokers (APS),E12000002,North West region,E07000118,Chorley,Lower tier local authorities (4/19 - 3/20),Persons,18+ yrs,,,2019,16.5537,9.1756,23.9318,,,"15,563",,,Cannot be calculated,Similar,Similar,20190000,,
92443,Smoking Prevalence in adults (18+) - current smokers (APS),E12000002,North West region,E07000029,Copeland,Lower tier local authorities (4/19 - 3/20),Persons,18+ yrs,,,2019,14.6137,8.6903,20.5372,,,"8,087",,,Cannot be calculated,Similar,Similar,20190000,,
92443,Smoking Prevalence in adults (18+) - current smokers (APS),E12000002,North West region,E07000030,Eden,Lower tier local authorities (4/19 - 3/20),Persons,18+ yrs,,,2019,8.334,3.5071,13.1608,,,"3,682",,,Cannot be calculated,Better,Better,20190000,,
92443,Smoking Prevalence in adults (18+) - current smokers (APS),E12000002,North West region,E07000119,Fylde,Lower tier local authorities (4/19 - 3/20),Persons,18+ yrs,,,2019,7.679,2.8632,12.4949,,,"5,116",,,Cannot be calculated,Better,Better,20190000,,
92443,Smoking Prevalence in adults (18+) - current smokers (APS),E12000002,North West region,E06000006,Halton,Lower tier local authorities (4/19 - 3/20),Persons,18+ yrs,,,2019,14.9046,12.2575,17.5517,,,"15,000",,,Cannot be calculated,Similar,Similar,20190000,,
92443,Smoking Prevalence in adults (18+) - current smokers (APS),E12000002,North West region,E07000120,Hyndburn,Lower tier local authorities (4/19 - 3/20),Persons,18+ yrs,,,2019,12.1414,6.0398,18.243,,,"7,562",,,Cannot be calculated,Similar,Similar,20190000,,
92443,Smoking Prevalence in adults (18+) - current smokers (APS),E12000002,North West region,E08000011,Knowsley,Lower tier local authorities (4/19 - 3/20),Persons,18+ yrs,,,2019,14.2506,11.8932,16.608,,,"16,682",,,Cannot be calculated,Similar,Similar,20190000,,
92443,Smoking Prevalence in adults (18+) - current smokers (APS),E12000002,North West region,E07000121,Lancaster,Lower tier local authorities (4/19 - 3/20),Persons,18+ yrs,,,2019,11.1977,6.3538,16.0415,,,"13,288",,,Cannot be calculated,Similar,Similar,20190000,,
92443,Smoking Prevalence in adults (18+) - current smokers (APS),E12000002,North West region,E08000012,Liverpool,Lower tier local authorities (4/19 - 3/20),Persons,18+ yrs,,,2019,14.1304,11.7022,16.5586,,,"56,803",,,Cannot be calculated,Similar,Similar,20190000,,
92443,Smoking Prevalence in adults (18+) - current smokers (APS),E12000002,North West region,E08000003,Manchester,Lower tier local authorities (4/19 - 3/20),Persons,18+ yrs,,,2019,18.018,15.1322,20.9038,,,"77,467",,,Cannot be calculated,Worse,Worse,20190000,,
92443,Smoking Prevalence in adults (18+) - current smokers (APS),E12000002,North West region,E08000004,Oldham,Lower tier local authorities (4/19 - 3/20),Persons,18+ yrs,,,2019,17.8934,15.2598,20.5271,,,"31,764",,,Cannot be calculated,Worse,Worse,20190000,,
92443,Smoking Prevalence in adults (18+) - current smokers (APS),E12000002,North West region,E07000122,Pendle,Lower tier local authorities (4/19 - 3/20),Persons,18+ yrs,,,2019,17.421,10.6461,24.196,,,"12,295",,,Cannot be calculated,Similar,Similar,20190000,,
92443,Smoking Prevalence in adults (18+) - current smokers (APS),E12000002,North West region,E07000123,Preston,Lower tier local authorities (4/19 - 3/20),Persons,18+ yrs,,,2019,15.3232,7.7254,22.9211,,,"16,973",,,Cannot be calculated,Similar,Similar,20190000,,
92443,Smoking Prevalence in adults (18+) - current smokers (APS),E12000002,North West region,E07000124,Ribble Valley,Lower tier local authorities (4/19 - 3/20),Persons,18+ yrs,,,2019,5.1343,0.7287,9.54,,,"2,522",,,Cannot be calculated,Better,Better,20190000,,
92443,Smoking Prevalence in adults (18+) - current smokers (APS),E12000002,North West region,E08000005,Rochdale,Lower tier local authorities (4/19 - 3/20),Persons,18+ yrs,,,2019,15.1569,12.6678,17.646,,,"25,632",,,Cannot be calculated,Similar,Similar,20190000,,
92443,Smoking Prevalence in adults (18+) - current smokers (APS),E12000002,North West region,E07000125,Rossendale,Lower tier local authorities (4/19 - 3/20),Persons,18+ yrs,,,2019,11.9734,5.7947,18.1522,,,"6,681",,,Cannot be calculated,Similar,Similar,20190000,,
92443,Smoking Prevalence in adults (18+) - current smokers (APS),E12000002,North West region,E08000006,Salford,Lower tier local authorities (4/19 - 3/20),Persons,18+ yrs,,,2019,19.0879,16.1095,22.0663,,,"38,440",,,Cannot be calculated,Worse,Worse,20190000,,
92443,Smoking Prevalence in adults (18+) - current smokers (APS),E12000002,North West region,E08000014,Sefton,Lower tier local authorities (4/19 - 3/20),Persons,18+ yrs,,,2019,9.5149,7.4684,11.5615,,,"21,157",,,Cannot be calculated,Better,Better,20190000,,
92443,Smoking Prevalence in adults (18+) - current smokers (APS),E12000002,North West region,E07000031,South Lakeland,Lower tier local authorities (4/19 - 3/20),Persons,18+ yrs,,,2019,12.4092,7.4565,17.3618,,,"10,823",,,Cannot be calculated,Similar,Similar,20190000,,
92443,Smoking Prevalence in adults (18+) - current smokers (APS),E12000002,North West region,E07000126,South Ribble,Lower tier local authorities (4/19 - 3/20),Persons,18+ yrs,,,2019,10.874,6.2036,15.5444,,,"9,599",,,Cannot be calculated,Similar,Similar,20190000,,
92443,Smoking Prevalence in adults (18+) - current smokers (APS),E12000002,North West region,E08000013,St. Helens,Lower tier local authorities (4/19 - 3/20),Persons,18+ yrs,,,2019,13.0451,10.5311,15.559,,,"18,748",,,Cannot be calculated,Similar,Similar,20190000,,
92443,Smoking Prevalence in adults (18+) - current smokers (APS),E12000002,North West region,E08000007,Stockport,Lower tier local authorities (4/19 - 3/20),Persons,18+ yrs,,,2019,13.3921,10.7876,15.9967,,,"30,789",,,Cannot be calculated,Similar,Similar,20190000,,
92443,Smoking Prevalence in adults (18+) - current smokers (APS),E12000002,North West region,E08000008,Tameside,Lower tier local authorities (4/19 - 3/20),Persons,18+ yrs,,,2019,18.15,15.4532,20.8469,,,"31,913",,,Cannot be calculated,Worse,Worse,20190000,,
92443,Smoking Prevalence in adults (18+) - current smokers (APS),E12000002,North West region,E08000009,Trafford,Lower tier local authorities (4/19 - 3/20),Persons,18+ yrs,,,2019,9.1497,7.1637,11.1356,,,"16,547",,,Cannot be calculated,Better,Better,20190000,,
92443,Smoking Prevalence in adults (18+) - current smokers (APS),E12000002,North West region,E06000007,Warrington,Lower tier local authorities (4/19 - 3/20),Persons,18+ yrs,,,2019,11.2507,8.9206,13.5807,,,"18,634",,,Cannot be calculated,Better,Better,20190000,,
92443,Smoking Prevalence in adults (18+) - current smokers (APS),E12000002,North West region,E07000127,West Lancashire,Lower tier local authorities (4/19 - 3/20),Persons,18+ yrs,,,2019,19.1903,11.9687,26.4118,,,"17,686",,,Cannot be calculated,Similar,Similar,20190000,,
92443,Smoking Prevalence in adults (18+) - current smokers (APS),E12000002,North West region,E08000010,Wigan,Lower tier local authorities (4/19 - 3/20),Persons,18+ yrs,,,2019,17.0063,14.2361,19.7765,,,"44,173",,,Cannot be calculated,Worse,Similar,20190000,,
92443,Smoking Prevalence in adults (18+) - current smokers (APS),E12000002,North West region,E08000015,Wirral,Lower tier local authorities (4/19 - 3/20),Persons,18+ yrs,,,2019,10.7387,8.4514,13.026,,,"27,545",,,Cannot be calculated,Better,Better,20190000,,
92443,Smoking Prevalence in adults (18+) - current smokers (APS),E12000002,North West region,E07000128,Wyre,Lower tier local authorities (4/19 - 3/20),Persons,18+ yrs,,,2019,14.0336,8.5836,19.4836,,,"12,936",,,Cannot be calculated,Similar,Similar,20190000,,
92443,Smoking Prevalence in adults (18+) - current smokers (APS),E12000001,North East region,E06000047,County Durham,Lower tier local authorities (4/19 - 3/20),Persons,18+ yrs,,,2019,17.002,14.4619,19.5422,,,"72,875",,,Cannot be calculated,Worse,Similar,20190000,,
92443,Smoking Prevalence in adults (18+) - current smokers (APS),E12000001,North East region,E06000005,Darlington,Lower tier local authorities (4/19 - 3/20),Persons,18+ yrs,,,2019,13.7072,11.4042,16.0101,,,"11,552",,,Cannot be calculated,Similar,Similar,20190000,,
92443,Smoking Prevalence in adults (18+) - current smokers (APS),E12000001,North East region,E08000037,Gateshead,Lower tier local authorities (4/19 - 3/20),Persons,18+ yrs,,,2019,17.0934,14.2547,19.9321,,,"27,805",,,Cannot be calculated,Worse,Similar,20190000,,
92443,Smoking Prevalence in adults (18+) - current smokers (APS),E12000001,North East region,E06000001,Hartlepool,Lower tier local authorities (4/19 - 3/20),Persons,18+ yrs,,,2019,19.2639,16.5738,21.9539,,,"14,180",,,Cannot be calculated,Worse,Worse,20190000,,
92443,Smoking Prevalence in adults (18+) - current smokers (APS),E12000001,North East region,E06000002,Middlesbrough,Lower tier local authorities (4/19 - 3/20),Persons,18+ yrs,,,2019,17.1725,14.5577,19.7872,,,"18,578",,,Cannot be calculated,Worse,Similar,20190000,,
92443,Smoking Prevalence in adults (18+) - current smokers (APS),E12000001,North East region,E08000021,Newcastle upon Tyne,Lower tier local authorities (4/19 - 3/20),Persons,18+ yrs,,,2019,13.0149,10.3948,15.6349,,,"31,804",,,Cannot be calculated,Similar,Similar,20190000,,
92443,Smoking Prevalence in adults (18+) - current smokers (APS),E12000001,North East region,E08000022,North Tyneside,Lower tier local authorities (4/19 - 3/20),Persons,18+ yrs,,,2019,13.9348,11.2716,16.598,,,"23,140",,,Cannot be calculated,Similar,Similar,20190000,,
92443,Smoking Prevalence in adults (18+) - current smokers (APS),E12000001,North East region,E06000057,Northumberland,Lower tier local authorities (4/19 - 3/20),Persons,18+ yrs,,,2019,12.8516,10.6114,15.0918,,,"33,849",,,Cannot be calculated,Similar,Better,20190000,,
92443,Smoking Prevalence in adults (18+) - current smokers (APS),E12000001,North East region,E06000003,Redcar and Cleveland,Lower tier local authorities (4/19 - 3/20),Persons,18+ yrs,,,2019,15.4661,13.0966,17.8356,,,"16,942",,,Cannot be calculated,Similar,Similar,20190000,,
92443,Smoking Prevalence in adults (18+) - current smokers (APS),E12000001,North East region,E08000023,South Tyneside,Lower tier local authorities (4/19 - 3/20),Persons,18+ yrs,,,2019,16.3257,13.7503,18.9012,,,"19,723",,,Cannot be calculated,Similar,Similar,20190000,,
92443,Smoking Prevalence in adults (18+) - current smokers (APS),E12000001,North East region,E06000004,Stockton-on-Tees,Lower tier local authorities (4/19 - 3/20),Persons,18+ yrs,,,2019,13.2209,10.8881,15.5537,,,"20,294",,,Cannot be calculated,Similar,Similar,20190000,,
92443,Smoking Prevalence in adults (18+) - current smokers (APS),E12000001,North East region,E08000024,Sunderland,Lower tier local authorities (4/19 - 3/20),Persons,18+ yrs,,,2019,16.0188,13.5148,18.5229,,,"35,699",,,Cannot be calculated,Similar,Similar,20190000,,
