"Indicator ID","Indicator Name","Parent Code","Parent Name","Area Code","AreaName","Area Type","Sex","Age","Category Type","Category","Time period","Value","Lower CI 95.0 limit","Upper CI 95.0 limit","Lower CI 99.8 limit","Upper CI 99.8 limit","Count","Denominator","Value note","Recent Trend","Compared to England value or percentiles","Compared to parent value or percentiles","Time period Sortable","New data","Compared to goal"
"92443","Smoking Prevalence in adults (18+) - current smokers (APS)","","","E92000001","England","England","Persons","18+ yrs","","","2019","13.8821327715042","13.6438650901795","14.120400452829","13.506492670605558","14.25777287240284","6144702.985432696","","","Cannot be calculated","","","20190000","",""
"92443","Smoking Prevalence in adults (18+) - current smokers (APS)","","","E12000007","London region","Upper tier local authorities (4/19 - 3/20)","Persons","18+ yrs","","","2019","12.9480408159713","12.2765733980503","13.6195082338923","","","897242.5161280371","","","Cannot be calculated","Better","","20190000","",""
"92443","Smoking Prevalence in adults (18+) - current smokers (APS)","E12000007","London region","E09000002","Barking and Dagenham","Upper tier local authorities (4/19 - 3/20)","Persons","18+ yrs","","","2019","18.0653","13.8039","22.3266","","","26982.1096","","","Cannot be calculated","Similar","Worse","20190000","",""
"92443","Smoking Prevalence in adults (18+) - current smokers (APS)","E12000007","London region","E09000003","Barnet","Upper tier local authorities (4/19 - 3/20)","Persons","18+ yrs","","","2019","11.1346","7.6649","14.6043","","","33648.4028","","","Cannot be calculated","Similar","Similar","20190000","",""
"92443","Smoking Prevalence in adults (18+) - current smokers (APS)","E12000007","London region","E09000004","Bexley","Upper tier local authorities (4/19 - 3/20)","Persons","18+ yrs","","","2019","14.1653","10.8756","17.4551","","","27084.1316","","","Cannot be calculated","Similar","Similar","20190000","",""
"92443","Smoking Prevalence in adults (18+) - current smokers (APS)","E12000007","London region","E09000005","Brent","Upper tier local authorities (4/19 - 3/20)","Persons","18+ yrs","","","2019","10.3323","6.4777","14.1869","","","26046.1161","","","Cannot be calculated","Similar","Similar","20190000","",""
"92443","Smoking Prevalence in adults (18+) - current smokers (APS)","E12000007","London region","E09000006","Bromley","Upper tier local authorities (4/19 - 3/20)","Persons","18+ yrs","","","2019","9.4243","6.645","12.2036","","","24253.7853","","","Cannot be calculated","Better","Better","20190000","",""
"92443","Smoking Prevalence in adults (18+) - current smokers (APS)","E12000007","London region","E09000007","Camden","Upper tier local authorities (4/19 - 3/20)","Persons","18+ yrs","","","2019","12.0478","8.2694","15.8263","","","26218.7719","","","Cannot be calculated","Similar","Similar","20190000","",""
"92443","Smoking Prevalence in adults (18+) - current smokers (APS)","E12000007","London region","E09000001","City of London","Upper tier local authorities (4/19 - 3/20)","Persons","18+ yrs","","","2019","","","","","","","","<span class=""tooltipValueNote"">* Value suppressed for disclosure control due to small count</span>","Cannot be calculated","Not compared","Not compared","20190000","",""
"92443","Smoking Prevalence in adults (18+) - current smokers (APS)","E12000007","London region","E09000008","Croydon","Upper tier local authorities (4/19 - 3/20)","Persons","18+ yrs","","","2019","12.4302","9.4742","15.3862","","","36268.71","","","Cannot be calculated","Similar","Similar","20190000","",""
"92443","Smoking Prevalence in adults (18+) - current smokers (APS)","E12000007","London region","E09000009","Ealing","Upper tier local authorities (4/19 - 3/20)","Persons","18+ yrs","","","2019","9.9527","6.0573","13.8481","","","25840.603","","","Cannot be calculated","Better","Similar","20190000","",""
"92443","Smoking Prevalence in adults (18+) - current smokers (APS)","E12000007","London region","E09000010","Enfield","Upper tier local authorities (4/19 - 3/20)","Persons","18+ yrs","","","2019","15.8022","11.5436","20.0609","","","39424.2371","","","Cannot be calculated","Similar","Similar","20190000","",""
"92443","Smoking Prevalence in adults (18+) - current smokers (APS)","E12000007","London region","E09000011","Greenwich","Upper tier local authorities (4/19 - 3/20)","Persons","18+ yrs","","","2019","12.7591","9.35","16.1681","","","27928.9699","","","Cannot be calculated","Similar","Similar","20190000","",""
"92443","Smoking Prevalence in adults (18+) - current smokers (APS)","E12000007","London region","E09000012","Hackney","Upper tier local authorities (4/19 - 3/20)","Persons","18+ yrs","","","2019","14.4443","10.5148","18.3739","","","31380.9027","","","Cannot be calculated","Similar","Similar","20190000","",""
"92443","Smoking Prevalence in adults (18+) - current smokers (APS)","E12000007","London region","E09000013","Hammersmith and Fulham","Upper tier local authorities (4/19 - 3/20)","Persons","18+ yrs","","","2019","10.3335","6.6737","13.9933","","","15305.1149","","","Cannot be calculated","Similar","Similar","20190000","",""
"92443","Smoking Prevalence in adults (18+) - current smokers (APS)","E12000007","London region","E09000014","Haringey","Upper tier local authorities (4/19 - 3/20)","Persons","18+ yrs","","","2019","14.8978","10.5226","19.273","","","31106.532","","","Cannot be calculated","Similar","Similar","20190000","",""
"92443","Smoking Prevalence in adults (18+) - current smokers (APS)","E12000007","London region","E09000015","Harrow","Upper tier local authorities (4/19 - 3/20)","Persons","18+ yrs","","","2019","10.3632","6.2637","14.4627","","","19875.0701","","","Cannot be calculated","Similar","Similar","20190000","",""
"92443","Smoking Prevalence in adults (18+) - current smokers (APS)","E12000007","London region","E09000016","Havering","Upper tier local authorities (4/19 - 3/20)","Persons","18+ yrs","","","2019","13.1834","9.8286","16.5383","","","26523.8421","","","Cannot be calculated","Similar","Similar","20190000","",""
"92443","Smoking Prevalence in adults (18+) - current smokers (APS)","E12000007","London region","E09000017","Hillingdon","Upper tier local authorities (4/19 - 3/20)","Persons","18+ yrs","","","2019","11.7999","8.1915","15.4083","","","27469.4064","","","Cannot be calculated","Similar","Similar","20190000","",""
"92443","Smoking Prevalence in adults (18+) - current smokers (APS)","E12000007","London region","E09000018","Hounslow","Upper tier local authorities (4/19 - 3/20)","Persons","18+ yrs","","","2019","14.2493","9.518","18.9805","","","29394.9425","","","Cannot be calculated","Similar","Similar","20190000","",""
"92443","Smoking Prevalence in adults (18+) - current smokers (APS)","E12000007","London region","E09000019","Islington","Upper tier local authorities (4/19 - 3/20)","Persons","18+ yrs","","","2019","12.3545","8.5606","16.1485","","","24714.3964","","","Cannot be calculated","Similar","Similar","20190000","",""
"92443","Smoking Prevalence in adults (18+) - current smokers (APS)","E12000007","London region","E09000020","Kensington and Chelsea","Upper tier local authorities (4/19 - 3/20)","Persons","18+ yrs","","","2019","14.9359","11.0341","18.8377","","","18999.3856","","","Cannot be calculated","Similar","Similar","20190000","",""
"92443","Smoking Prevalence in adults (18+) - current smokers (APS)","E12000007","London region","E09000021","Kingston upon Thames","Upper tier local authorities (4/19 - 3/20)","Persons","18+ yrs","","","2019","9.2199","6.1631","12.2768","","","12721.5626","","","Cannot be calculated","Better","Better","20190000","",""
"92443","Smoking Prevalence in adults (18+) - current smokers (APS)","E12000007","London region","E09000022","Lambeth","Upper tier local authorities (4/19 - 3/20)","Persons","18+ yrs","","","2019","13.363","9.7992","16.9268","","","35271.5788","","","Cannot be calculated","Similar","Similar","20190000","",""
"92443","Smoking Prevalence in adults (18+) - current smokers (APS)","E12000007","London region","E09000023","Lewisham","Upper tier local authorities (4/19 - 3/20)","Persons","18+ yrs","","","2019","14.5324","10.9718","18.0931","","","34482.7417","","","Cannot be calculated","Similar","Similar","20190000","",""
"92443","Smoking Prevalence in adults (18+) - current smokers (APS)","E12000007","London region","E09000024","Merton","Upper tier local authorities (4/19 - 3/20)","Persons","18+ yrs","","","2019","13.5473","9.7365","17.3581","","","21559.0089","","","Cannot be calculated","Similar","Similar","20190000","",""
"92443","Smoking Prevalence in adults (18+) - current smokers (APS)","E12000007","London region","E09000025","Newham","Upper tier local authorities (4/19 - 3/20)","Persons","18+ yrs","","","2019","13.8136","9.3833","18.244","","","36891.4757","","","Cannot be calculated","Similar","Similar","20190000","",""
"92443","Smoking Prevalence in adults (18+) - current smokers (APS)","E12000007","London region","E09000026","Redbridge","Upper tier local authorities (4/19 - 3/20)","Persons","18+ yrs","","","2019","13.3662","9.6356","17.0968","","","30605.2903","","","Cannot be calculated","Similar","Similar","20190000","",""
"92443","Smoking Prevalence in adults (18+) - current smokers (APS)","E12000007","London region","E09000027","Richmond upon Thames","Upper tier local authorities (4/19 - 3/20)","Persons","18+ yrs","","","2019","7.9997","4.7286","11.2708","","","12171.8957","","","Cannot be calculated","Better","Better","20190000","",""
"92443","Smoking Prevalence in adults (18+) - current smokers (APS)","E12000007","London region","E09000028","Southwark","Upper tier local authorities (4/19 - 3/20)","Persons","18+ yrs","","","2019","15.5585","11.853","19.2639","","","39445.1397","","","Cannot be calculated","Similar","Similar","20190000","",""
"92443","Smoking Prevalence in adults (18+) - current smokers (APS)","E12000007","London region","E09000029","Sutton","Upper tier local authorities (4/19 - 3/20)","Persons","18+ yrs","","","2019","15.8264","12.3252","19.3276","","","24987.6507","","","Cannot be calculated","Similar","Similar","20190000","",""
"92443","Smoking Prevalence in adults (18+) - current smokers (APS)","E12000007","London region","E09000030","Tower Hamlets","Upper tier local authorities (4/19 - 3/20)","Persons","18+ yrs","","","2019","15.0987","11.3082","18.8893","","","38117.4979","","","Cannot be calculated","Similar","Similar","20190000","",""
"92443","Smoking Prevalence in adults (18+) - current smokers (APS)","E12000007","London region","E09000031","Waltham Forest","Upper tier local authorities (4/19 - 3/20)","Persons","18+ yrs","","","2019","16.1506","11.5872","20.714","","","33952.7175","","","Cannot be calculated","Similar","Similar","20190000","",""
"92443","Smoking Prevalence in adults (18+) - current smokers (APS)","E12000007","London region","E09000032","Wandsworth","Upper tier local authorities (4/19 - 3/20)","Persons","18+ yrs","","","2019","13.4655","9.8329","17.0982","","","35712.6494","","","Cannot be calculated","Similar","Similar","20190000","",""
"92443","Smoking Prevalence in adults (18+) - current smokers (APS)","E12000007","London region","E09000033","Westminster","Upper tier local authorities (4/19 - 3/20)","Persons","18+ yrs","","","2019","10.4713","7.0378","13.9048","","","22254.2389","","","Cannot be calculated","Similar","Similar","20190000","",""
"92304","Smoking prevalence in adults (18+) - current smokers (GPPS)","","","E92000001","England","England","Persons","18+ yrs","","","2019/20","14.3168637766359","14.2349912890269","14.3987362642448","","","","703039","","Cannot be calculated","","","20190000","",""
"92304","Smoking prevalence in adults (18+) - current smokers (GPPS)","","","E12000007","London region","Upper tier local authorities (4/19 - 3/20)","Persons","18+ yrs","","","2019/20","15.3897133150199","15.1819632341464","15.5974633958933","","","","115900","","Cannot be calculated","Worse","","20190000","",""
"92304","Smoking prevalence in adults (18+) - current smokers (GPPS)","E12000007","London region","E09000002","Barking and Dagenham","Upper tier local authorities (4/19 - 3/20)","Persons","18+ yrs","","","2019/20","18.2313","16.9454","19.5173","","","","3463","","Cannot be calculated","Worse","Worse","20190000","",""
"92304","Smoking prevalence in adults (18+) - current smokers (GPPS)","E12000007","London region","E09000003","Barnet","Upper tier local authorities (4/19 - 3/20)","Persons","18+ yrs","","","2019/20","13.8115","12.8751","14.7478","","","","5216","","Cannot be calculated","Similar","Better","20190000","",""
"92304","Smoking prevalence in adults (18+) - current smokers (GPPS)","E12000007","London region","E09000004","Bexley","Upper tier local authorities (4/19 - 3/20)","Persons","18+ yrs","","","2019/20","13.144","11.8698","14.4183","","","","2701","","Cannot be calculated","Similar","Better","20190000","",""
"92304","Smoking prevalence in adults (18+) - current smokers (GPPS)","E12000007","London region","E09000005","Brent","Upper tier local authorities (4/19 - 3/20)","Persons","18+ yrs","","","2019/20","14.7963","13.8105","15.7822","","","","4983","","Cannot be calculated","Similar","Similar","20190000","",""
"92304","Smoking prevalence in adults (18+) - current smokers (GPPS)","E12000007","London region","E09000006","Bromley","Upper tier local authorities (4/19 - 3/20)","Persons","18+ yrs","","","2019/20","11.3569","10.4304","12.2835","","","","4505","","Cannot be calculated","Better","Better","20190000","",""
"92304","Smoking prevalence in adults (18+) - current smokers (GPPS)","E12000007","London region","E09000007","Camden","Upper tier local authorities (4/19 - 3/20)","Persons","18+ yrs","","","2019/20","17.5897","16.1554","19.024","","","","2707","","Cannot be calculated","Worse","Worse","20190000","",""
"92304","Smoking prevalence in adults (18+) - current smokers (GPPS)","E12000007","London region","E09000001","City of London","Upper tier local authorities (4/19 - 3/20)","Persons","18+ yrs","","","2019/20","7.6694","2.6035","12.7353","","","","106","","Cannot be calculated","Better","Better","20190000","",""
"92304","Smoking prevalence in adults (18+) - current smokers (GPPS)","E12000007","London region","E09000008","Croydon","Upper tier local authorities (4/19 - 3/20)","Persons","18+ yrs","","","2019/20","14.3343","13.3636","15.305","","","","5006","","Cannot be calculated","Similar","Better","20190000","",""
"92304","Smoking prevalence in adults (18+) - current smokers (GPPS)","E12000007","London region","E09000009","Ealing","Upper tier local authorities (4/19 - 3/20)","Persons","18+ yrs","","","2019/20","14.6111","13.7824","15.4398","","","","6979","","Cannot be calculated","Similar","Similar","20190000","",""
"92304","Smoking prevalence in adults (18+) - current smokers (GPPS)","E12000007","London region","E09000010","Enfield","Upper tier local authorities (4/19 - 3/20)","Persons","18+ yrs","","","2019/20","18.1465","17.0608","19.2321","","","","4841","","Cannot be calculated","Worse","Worse","20190000","",""
"92304","Smoking prevalence in adults (18+) - current smokers (GPPS)","E12000007","London region","E09000011","Greenwich","Upper tier local authorities (4/19 - 3/20)","Persons","18+ yrs","","","2019/20","15.7348","14.4838","16.9857","","","","3255","","Cannot be calculated","Worse","Similar","20190000","",""
"92304","Smoking prevalence in adults (18+) - current smokers (GPPS)","E12000007","London region","E09000012","Hackney","Upper tier local authorities (4/19 - 3/20)","Persons","18+ yrs","","","2019/20","19.4969","18.1563","20.8375","","","","3355","","Cannot be calculated","Worse","Worse","20190000","",""
"92304","Smoking prevalence in adults (18+) - current smokers (GPPS)","E12000007","London region","E09000013","Hammersmith and Fulham","Upper tier local authorities (4/19 - 3/20)","Persons","18+ yrs","","","2019/20","18.2206","16.675","19.7663","","","","2396","","Cannot be calculated","Worse","Worse","20190000","",""
"92304","Smoking prevalence in adults (18+) - current smokers (GPPS)","E12000007","London region","E09000014","Haringey","Upper tier local authorities (4/19 - 3/20)","Persons","18+ yrs","","","2019/20","19.106","17.749","20.4631","","","","3224","","Cannot be calculated","Worse","Worse","20190000","",""
"92304","Smoking prevalence in adults (18+) - current smokers (GPPS)","E12000007","London region","E09000015","Harrow","Upper tier local authorities (4/19 - 3/20)","Persons","18+ yrs","","","2019/20","12.4281","11.3309","13.5253","","","","3473","","Cannot be calculated","Better","Better","20190000","",""
"92304","Smoking prevalence in adults (18+) - current smokers (GPPS)","E12000007","London region","E09000016","Havering","Upper tier local authorities (4/19 - 3/20)","Persons","18+ yrs","","","2019/20","13.3831","12.3623","14.404","","","","4273","","Cannot be calculated","Similar","Better","20190000","",""
"92304","Smoking prevalence in adults (18+) - current smokers (GPPS)","E12000007","London region","E09000017","Hillingdon","Upper tier local authorities (4/19 - 3/20)","Persons","18+ yrs","","","2019/20","12.693","11.7366","13.6495","","","","4654","","Cannot be calculated","Better","Better","20190000","",""
"92304","Smoking prevalence in adults (18+) - current smokers (GPPS)","E12000007","London region","E09000018","Hounslow","Upper tier local authorities (4/19 - 3/20)","Persons","18+ yrs","","","2019/20","15.6305","14.5821","16.6789","","","","4609","","Cannot be calculated","Worse","Similar","20190000","",""
"92304","Smoking prevalence in adults (18+) - current smokers (GPPS)","E12000007","London region","E09000019","Islington","Upper tier local authorities (4/19 - 3/20)","Persons","18+ yrs","","","2019/20","17.4514","16.0492","18.8535","","","","2815","","Cannot be calculated","Worse","Worse","20190000","",""
"92304","Smoking prevalence in adults (18+) - current smokers (GPPS)","E12000007","London region","E09000020","Kensington and Chelsea","Upper tier local authorities (4/19 - 3/20)","Persons","18+ yrs","","","2019/20","16.7699","15.273","18.2668","","","","2393","","Cannot be calculated","Worse","Similar","20190000","",""
"92304","Smoking prevalence in adults (18+) - current smokers (GPPS)","E12000007","London region","E09000021","Kingston upon Thames","Upper tier local authorities (4/19 - 3/20)","Persons","18+ yrs","","","2019/20","13.0658","11.5574","14.5741","","","","1918","","Cannot be calculated","Similar","Better","20190000","",""
"92304","Smoking prevalence in adults (18+) - current smokers (GPPS)","E12000007","London region","E09000022","Lambeth","Upper tier local authorities (4/19 - 3/20)","Persons","18+ yrs","","","2019/20","16.2635","15.0334","17.4937","","","","3457","","Cannot be calculated","Worse","Similar","20190000","",""
"92304","Smoking prevalence in adults (18+) - current smokers (GPPS)","E12000007","London region","E09000023","Lewisham","Upper tier local authorities (4/19 - 3/20)","Persons","18+ yrs","","","2019/20","17.61","16.3025","18.9176","","","","3260","","Cannot be calculated","Worse","Worse","20190000","",""
"92304","Smoking prevalence in adults (18+) - current smokers (GPPS)","E12000007","London region","E09000024","Merton","Upper tier local authorities (4/19 - 3/20)","Persons","18+ yrs","","","2019/20","14.5413","13.1507","15.9318","","","","2469","","Cannot be calculated","Similar","Similar","20190000","",""
"92304","Smoking prevalence in adults (18+) - current smokers (GPPS)","E12000007","London region","E09000025","Newham","Upper tier local authorities (4/19 - 3/20)","Persons","18+ yrs","","","2019/20","17.3882","16.2059","18.5705","","","","3948","","Cannot be calculated","Worse","Worse","20190000","",""
"92304","Smoking prevalence in adults (18+) - current smokers (GPPS)","E12000007","London region","E09000026","Redbridge","Upper tier local authorities (4/19 - 3/20)","Persons","18+ yrs","","","2019/20","11.0948","10.1748","12.0147","","","","4477","","Cannot be calculated","Better","Better","20190000","",""
"92304","Smoking prevalence in adults (18+) - current smokers (GPPS)","E12000007","London region","E09000027","Richmond upon Thames","Upper tier local authorities (4/19 - 3/20)","Persons","18+ yrs","","","2019/20","10.4988","9.339","11.6585","","","","2684","","Cannot be calculated","Better","Better","20190000","",""
"92304","Smoking prevalence in adults (18+) - current smokers (GPPS)","E12000007","London region","E09000028","Southwark","Upper tier local authorities (4/19 - 3/20)","Persons","18+ yrs","","","2019/20","16.0361","14.7667","17.3055","","","","3210","","Cannot be calculated","Worse","Similar","20190000","",""
"92304","Smoking prevalence in adults (18+) - current smokers (GPPS)","E12000007","London region","E09000029","Sutton","Upper tier local authorities (4/19 - 3/20)","Persons","18+ yrs","","","2019/20","13.1788","11.875","14.4825","","","","2586","","Cannot be calculated","Similar","Better","20190000","",""
"92304","Smoking prevalence in adults (18+) - current smokers (GPPS)","E12000007","London region","E09000030","Tower Hamlets","Upper tier local authorities (4/19 - 3/20)","Persons","18+ yrs","","","2019/20","18.9173","17.4794","20.3551","","","","2850","","Cannot be calculated","Worse","Worse","20190000","",""
"92304","Smoking prevalence in adults (18+) - current smokers (GPPS)","E12000007","London region","E09000031","Waltham Forest","Upper tier local authorities (4/19 - 3/20)","Persons","18+ yrs","","","2019/20","15.9501","14.7739","17.1262","","","","3723","","Cannot be calculated","Worse","Similar","20190000","",""
"92304","Smoking prevalence in adults (18+) - current smokers (GPPS)","E12000007","London region","E09000032","Wandsworth","Upper tier local authorities (4/19 - 3/20)","Persons","18+ yrs","","","2019/20","14.9749","13.7941","16.1557","","","","3508","","Cannot be calculated","Similar","Similar","20190000","",""
"92304","Smoking prevalence in adults (18+) - current smokers (GPPS)","E12000007","London region","E09000033","Westminster","Upper tier local authorities (4/19 - 3/20)","Persons","18+ yrs","","","2019/20","15.1003","13.7871","16.4135","","","","2856","","Cannot be calculated","Similar","Similar","20190000","",""
"91547","Smoking prevalence in adults (15+) - current smokers (QOF)","","","E92000001","England","England","Persons","15+ yrs","","","2019/20","16.46453125710651","16.454265390592454","16.474802265510665","","","8250060","50108077","","Decreasing and getting better","","","20190000","",""
"91547","Smoking prevalence in adults (15+) - current smokers (QOF)","","","E12000007","London region","Upper tier local authorities (4/19 - 3/20)","Persons","15+ yrs","","","2019/20","16.250830461260232","16.226051136736864","16.275640275261637","","","1382021","8504310","","Decreasing and getting better","Better","","20190000","",""
"91547","Smoking prevalence in adults (15+) - current smokers (QOF)","E12000007","London region","E09000002","Barking and Dagenham","Upper tier local authorities (4/19 - 3/20)","Persons","15+ yrs","","","2019/20","18.649","18.4752","18.8242","","","35687","191361","","Decreasing and getting better","Worse","Worse","20190000","",""
"91547","Smoking prevalence in adults (15+) - current smokers (QOF)","E12000007","London region","E09000003","Barnet","Upper tier local authorities (4/19 - 3/20)","Persons","15+ yrs","","","2019/20","14.2444","14.1293","14.3602","","","50169","352202","","Decreasing and getting better","Better","Better","20190000","",""
"91547","Smoking prevalence in adults (15+) - current smokers (QOF)","E12000007","London region","E09000004","Bexley","Upper tier local authorities (4/19 - 3/20)","Persons","15+ yrs","","","2019/20","14.9961","14.8399","15.1537","","","29828","198905","","Decreasing and getting better","Better","Better","20190000","",""
"91547","Smoking prevalence in adults (15+) - current smokers (QOF)","E12000007","London region","E09000005","Brent","Upper tier local authorities (4/19 - 3/20)","Persons","15+ yrs","","","2019/20","16.3438","16.2241","16.4641","","","59641","364916","","Decreasing and getting better","Better","Similar","20190000","",""
"91547","Smoking prevalence in adults (15+) - current smokers (QOF)","E12000007","London region","E09000006","Bromley","Upper tier local authorities (4/19 - 3/20)","Persons","15+ yrs","","","2019/20","13.7563","13.6311","13.8824","","","39723","288763","","Decreasing and getting better","Better","Better","20190000","",""
"91547","Smoking prevalence in adults (15+) - current smokers (QOF)","E12000007","London region","E09000007","Camden","Upper tier local authorities (4/19 - 3/20)","Persons","15+ yrs","","","2019/20","14.9106","14.7717","15.0506","","","37384","250721","","Decreasing and getting better","Better","Better","20190000","",""
"91547","Smoking prevalence in adults (15+) - current smokers (QOF)","E12000007","London region","E09000001","City of London","Upper tier local authorities (4/19 - 3/20)","Persons","15+ yrs","","","2019/20","9.9168","9.3088","10.5599","","","870","8773","","No significant change","Better","Better","20190000","",""
"91547","Smoking prevalence in adults (15+) - current smokers (QOF)","E12000007","London region","E09000008","Croydon","Upper tier local authorities (4/19 - 3/20)","Persons","15+ yrs","","","2019/20","16.0353","15.913","16.1584","","","55089","343548","","Decreasing and getting better","Better","Better","20190000","",""
"91547","Smoking prevalence in adults (15+) - current smokers (QOF)","E12000007","London region","E09000009","Ealing","Upper tier local authorities (4/19 - 3/20)","Persons","15+ yrs","","","2019/20","14.7624","14.6492","14.8765","","","55248","374247","","Decreasing and getting better","Better","Better","20190000","",""
"91547","Smoking prevalence in adults (15+) - current smokers (QOF)","E12000007","London region","E09000010","Enfield","Upper tier local authorities (4/19 - 3/20)","Persons","15+ yrs","","","2019/20","21.9641","21.811","22.1181","","","61339","279269","","No significant change","Worse","Worse","20190000","",""
"91547","Smoking prevalence in adults (15+) - current smokers (QOF)","E12000007","London region","E09000011","Greenwich","Upper tier local authorities (4/19 - 3/20)","Persons","15+ yrs","","","2019/20","17.3501","17.2009","17.5003","","","42647","245803","","Decreasing and getting better","Worse","Worse","20190000","",""
"91547","Smoking prevalence in adults (15+) - current smokers (QOF)","E12000007","London region","E09000012","Hackney","Upper tier local authorities (4/19 - 3/20)","Persons","15+ yrs","","","2019/20","20.312","20.1578","20.4672","","","52764","259767","","Decreasing and getting better","Worse","Worse","20190000","",""
"91547","Smoking prevalence in adults (15+) - current smokers (QOF)","E12000007","London region","E09000013","Hammersmith and Fulham","Upper tier local authorities (4/19 - 3/20)","Persons","15+ yrs","","","2019/20","16.0128","15.8754","16.1511","","","43547","271952","","Decreasing and getting better","Better","Better","20190000","",""
"91547","Smoking prevalence in adults (15+) - current smokers (QOF)","E12000007","London region","E09000014","Haringey","Upper tier local authorities (4/19 - 3/20)","Persons","15+ yrs","","","2019/20","20.7021","20.5489","20.8563","","","55265","266953","","Decreasing and getting better","Worse","Worse","20190000","",""
"91547","Smoking prevalence in adults (15+) - current smokers (QOF)","E12000007","London region","E09000015","Harrow","Upper tier local authorities (4/19 - 3/20)","Persons","15+ yrs","","","2019/20","12.8777","12.7366","13.02","","","27633","214581","","Decreasing and getting better","Better","Better","20190000","",""
"91547","Smoking prevalence in adults (15+) - current smokers (QOF)","E12000007","London region","E09000016","Havering","Upper tier local authorities (4/19 - 3/20)","Persons","15+ yrs","","","2019/20","14.9798","14.8298","15.131","","","32304","215651","","Decreasing and getting better","Better","Better","20190000","",""
"91547","Smoking prevalence in adults (15+) - current smokers (QOF)","E12000007","London region","E09000017","Hillingdon","Upper tier local authorities (4/19 - 3/20)","Persons","15+ yrs","","","2019/20","14.8389","14.7036","14.9752","","","39084","263389","","Decreasing and getting better","Better","Better","20190000","",""
"91547","Smoking prevalence in adults (15+) - current smokers (QOF)","E12000007","London region","E09000018","Hounslow","Upper tier local authorities (4/19 - 3/20)","Persons","15+ yrs","","","2019/20","15.3002","15.1616","15.4399","","","39328","257042","","Decreasing and getting better","Better","Better","20190000","",""
"91547","Smoking prevalence in adults (15+) - current smokers (QOF)","E12000007","London region","E09000019","Islington","Upper tier local authorities (4/19 - 3/20)","Persons","15+ yrs","","","2019/20","18.2367","18.082","18.3925","","","43346","237685","","Decreasing and getting better","Worse","Worse","20190000","",""
"91547","Smoking prevalence in adults (15+) - current smokers (QOF)","E12000007","London region","E09000020","Kensington and Chelsea","Upper tier local authorities (4/19 - 3/20)","Persons","15+ yrs","","","2019/20","16.4954","16.3271","16.665","","","30574","185349","","Decreasing and getting better","Similar","Worse","20190000","",""
"91547","Smoking prevalence in adults (15+) - current smokers (QOF)","E12000007","London region","E09000021","Kingston upon Thames","Upper tier local authorities (4/19 - 3/20)","Persons","15+ yrs","","","2019/20","14.2754","14.1113","14.4411","","","24675","172850","","Decreasing and getting better","Better","Better","20190000","",""
"91547","Smoking prevalence in adults (15+) - current smokers (QOF)","E12000007","London region","E09000022","Lambeth","Upper tier local authorities (4/19 - 3/20)","Persons","15+ yrs","","","2019/20","17.8734","17.7491","17.9985","","","64798","362538","","Decreasing and getting better","Worse","Worse","20190000","",""
"91547","Smoking prevalence in adults (15+) - current smokers (QOF)","E12000007","London region","E09000023","Lewisham","Upper tier local authorities (4/19 - 3/20)","Persons","15+ yrs","","","2019/20","18.1866","18.0446","18.3294","","","51253","281818","","Decreasing and getting better","Worse","Worse","20190000","",""
"91547","Smoking prevalence in adults (15+) - current smokers (QOF)","E12000007","London region","E09000024","Merton","Upper tier local authorities (4/19 - 3/20)","Persons","15+ yrs","","","2019/20","14.7017","14.5431","14.8618","","","27890","189706","","Decreasing and getting better","Better","Better","20190000","",""
"91547","Smoking prevalence in adults (15+) - current smokers (QOF)","E12000007","London region","E09000025","Newham","Upper tier local authorities (4/19 - 3/20)","Persons","15+ yrs","","","2019/20","17.5665","17.4389","17.6947","","","59742","340091","","Decreasing and getting better","Worse","Worse","20190000","",""
"91547","Smoking prevalence in adults (15+) - current smokers (QOF)","E12000007","London region","E09000026","Redbridge","Upper tier local authorities (4/19 - 3/20)","Persons","15+ yrs","","","2019/20","13.2646","13.1381","13.392","","","36388","274325","","Decreasing and getting better","Better","Better","20190000","",""
"91547","Smoking prevalence in adults (15+) - current smokers (QOF)","E12000007","London region","E09000027","Richmond upon Thames","Upper tier local authorities (4/19 - 3/20)","Persons","15+ yrs","","","2019/20","11.518","11.3771","11.6603","","","22493","195286","","Decreasing and getting better","Better","Better","20190000","",""
"91547","Smoking prevalence in adults (15+) - current smokers (QOF)","E12000007","London region","E09000028","Southwark","Upper tier local authorities (4/19 - 3/20)","Persons","15+ yrs","","","2019/20","17.0122","16.8784","17.1469","","","51192","300913","","Decreasing and getting better","Worse","Worse","20190000","",""
"91547","Smoking prevalence in adults (15+) - current smokers (QOF)","E12000007","London region","E09000029","Sutton","Upper tier local authorities (4/19 - 3/20)","Persons","15+ yrs","","","2019/20","14.7202","14.5525","14.8894","","","25030","170039","","Decreasing and getting better","Better","Better","20190000","",""
"91547","Smoking prevalence in adults (15+) - current smokers (QOF)","E12000007","London region","E09000030","Tower Hamlets","Upper tier local authorities (4/19 - 3/20)","Persons","15+ yrs","","","2019/20","18.71","18.567","18.8539","","","53144","284040","","Decreasing and getting better","Worse","Worse","20190000","",""
"91547","Smoking prevalence in adults (15+) - current smokers (QOF)","E12000007","London region","E09000031","Waltham Forest","Upper tier local authorities (4/19 - 3/20)","Persons","15+ yrs","","","2019/20","18.9599","18.8095","19.1112","","","49183","259406","","Decreasing and getting better","Worse","Worse","20190000","",""
"91547","Smoking prevalence in adults (15+) - current smokers (QOF)","E12000007","London region","E09000032","Wandsworth","Upper tier local authorities (4/19 - 3/20)","Persons","15+ yrs","","","2019/20","13.304","13.1915","13.4173","","","46260","347715","","Decreasing and getting better","Better","Better","20190000","",""
"91547","Smoking prevalence in adults (15+) - current smokers (QOF)","E12000007","London region","E09000033","Westminster","Upper tier local authorities (4/19 - 3/20)","Persons","15+ yrs","","","2019/20","15.1166","14.9781","15.2563","","","38503","254706","","Decreasing and getting better","Better","Better","20190000","",""
"92534","Smoking Prevalence in adults (18+) - ex smokers (APS)","","","E92000001","England","England","Persons","18+ yrs","","","2019","25.6719457720423","25.3985930209688","25.9452985231158","","","11363274.247825967","","","Cannot be calculated","","","20190000","",""
"92534","Smoking Prevalence in adults (18+) - ex smokers (APS)","","","E12000007","London region","Upper tier local authorities (4/19 - 3/20)","Persons","18+ yrs","","","2019","19.4626897864347","18.7303337797795","20.1950457930899","","","1348679.1556186602","","","Cannot be calculated","Not compared","","20190000","",""
"92534","Smoking Prevalence in adults (18+) - ex smokers (APS)","E12000007","London region","E09000002","Barking and Dagenham","Upper tier local authorities (4/19 - 3/20)","Persons","18+ yrs","","","2019","10.6644","7.7454","13.5835","","","15928.2937","","","Cannot be calculated","Not compared","Not compared","20190000","",""
"92534","Smoking Prevalence in adults (18+) - ex smokers (APS)","E12000007","London region","E09000003","Barnet","Upper tier local authorities (4/19 - 3/20)","Persons","18+ yrs","","","2019","19.587","15.2191","23.9548","","","59191.178","","","Cannot be calculated","Not compared","Not compared","20190000","",""
"92534","Smoking Prevalence in adults (18+) - ex smokers (APS)","E12000007","London region","E09000004","Bexley","Upper tier local authorities (4/19 - 3/20)","Persons","18+ yrs","","","2019","24.7724","20.9443","28.6005","","","47364.8948","","","Cannot be calculated","Not compared","Not compared","20190000","",""
"92534","Smoking Prevalence in adults (18+) - ex smokers (APS)","E12000007","London region","E09000005","Brent","Upper tier local authorities (4/19 - 3/20)","Persons","18+ yrs","","","2019","14.4729","8.9593","19.9866","","","36483.9572","","","Cannot be calculated","Not compared","Not compared","20190000","",""
"92534","Smoking Prevalence in adults (18+) - ex smokers (APS)","E12000007","London region","E09000006","Bromley","Upper tier local authorities (4/19 - 3/20)","Persons","18+ yrs","","","2019","24.1878","20.3387","28.0368","","","62248.2307","","","Cannot be calculated","Not compared","Not compared","20190000","",""
"92534","Smoking Prevalence in adults (18+) - ex smokers (APS)","E12000007","London region","E09000007","Camden","Upper tier local authorities (4/19 - 3/20)","Persons","18+ yrs","","","2019","22.488","18.2908","26.6852","","","48938.8383","","","Cannot be calculated","Not compared","Not compared","20190000","",""
"92534","Smoking Prevalence in adults (18+) - ex smokers (APS)","E12000007","London region","E09000001","City of London","Upper tier local authorities (4/19 - 3/20)","Persons","18+ yrs","","","2019","","","","","","","","<span class=""tooltipValueNote"">* Value suppressed for disclosure control due to small count</span>","Cannot be calculated","Not compared","Not compared","20190000","",""
"92534","Smoking Prevalence in adults (18+) - ex smokers (APS)","E12000007","London region","E09000008","Croydon","Upper tier local authorities (4/19 - 3/20)","Persons","18+ yrs","","","2019","19.7093","16.005","23.4136","","","57507.5951","","","Cannot be calculated","Not compared","Not compared","20190000","",""
"92534","Smoking Prevalence in adults (18+) - ex smokers (APS)","E12000007","London region","E09000009","Ealing","Upper tier local authorities (4/19 - 3/20)","Persons","18+ yrs","","","2019","17.6135","12.9608","22.2661","","","45730.5381","","","Cannot be calculated","Not compared","Not compared","20190000","",""
"92534","Smoking Prevalence in adults (18+) - ex smokers (APS)","E12000007","London region","E09000010","Enfield","Upper tier local authorities (4/19 - 3/20)","Persons","18+ yrs","","","2019","17.9694","14.0519","21.8868","","","44830.91","","","Cannot be calculated","Not compared","Not compared","20190000","",""
"92534","Smoking Prevalence in adults (18+) - ex smokers (APS)","E12000007","London region","E09000011","Greenwich","Upper tier local authorities (4/19 - 3/20)","Persons","18+ yrs","","","2019","22.0046","18.2125","25.7967","","","48167.0232","","","Cannot be calculated","Not compared","Not compared","20190000","",""
"92534","Smoking Prevalence in adults (18+) - ex smokers (APS)","E12000007","London region","E09000012","Hackney","Upper tier local authorities (4/19 - 3/20)","Persons","18+ yrs","","","2019","14.1974","10.5369","17.858","","","30844.4677","","","Cannot be calculated","Not compared","Not compared","20190000","",""
"92534","Smoking Prevalence in adults (18+) - ex smokers (APS)","E12000007","London region","E09000013","Hammersmith and Fulham","Upper tier local authorities (4/19 - 3/20)","Persons","18+ yrs","","","2019","21.4177","16.8225","26.0128","","","31721.9261","","","Cannot be calculated","Not compared","Not compared","20190000","",""
"92534","Smoking Prevalence in adults (18+) - ex smokers (APS)","E12000007","London region","E09000014","Haringey","Upper tier local authorities (4/19 - 3/20)","Persons","18+ yrs","","","2019","20.0543","15.9225","24.1861","","","41873.3348","","","Cannot be calculated","Not compared","Not compared","20190000","",""
"92534","Smoking Prevalence in adults (18+) - ex smokers (APS)","E12000007","London region","E09000015","Harrow","Upper tier local authorities (4/19 - 3/20)","Persons","18+ yrs","","","2019","15.9783","12.0058","19.9508","","","30643.9986","","","Cannot be calculated","Not compared","Not compared","20190000","",""
"92534","Smoking Prevalence in adults (18+) - ex smokers (APS)","E12000007","London region","E09000016","Havering","Upper tier local authorities (4/19 - 3/20)","Persons","18+ yrs","","","2019","27.6733","23.5323","31.8144","","","55676.2784","","","Cannot be calculated","Not compared","Not compared","20190000","",""
"92534","Smoking Prevalence in adults (18+) - ex smokers (APS)","E12000007","London region","E09000017","Hillingdon","Upper tier local authorities (4/19 - 3/20)","Persons","18+ yrs","","","2019","17.7225","13.5264","21.9186","","","41256.7634","","","Cannot be calculated","Not compared","Not compared","20190000","",""
"92534","Smoking Prevalence in adults (18+) - ex smokers (APS)","E12000007","London region","E09000018","Hounslow","Upper tier local authorities (4/19 - 3/20)","Persons","18+ yrs","","","2019","20.7522","15.8339","25.6705","","","42809.9524","","","Cannot be calculated","Not compared","Not compared","20190000","",""
"92534","Smoking Prevalence in adults (18+) - ex smokers (APS)","E12000007","London region","E09000019","Islington","Upper tier local authorities (4/19 - 3/20)","Persons","18+ yrs","","","2019","20.6847","16.3382","25.0312","","","41378.2952","","","Cannot be calculated","Not compared","Not compared","20190000","",""
"92534","Smoking Prevalence in adults (18+) - ex smokers (APS)","E12000007","London region","E09000020","Kensington and Chelsea","Upper tier local authorities (4/19 - 3/20)","Persons","18+ yrs","","","2019","23.333","18.6088","28.0573","","","29681.0377","","","Cannot be calculated","Not compared","Not compared","20190000","",""
"92534","Smoking Prevalence in adults (18+) - ex smokers (APS)","E12000007","London region","E09000021","Kingston upon Thames","Upper tier local authorities (4/19 - 3/20)","Persons","18+ yrs","","","2019","26.7508","22.5277","30.9739","","","36910.4636","","","Cannot be calculated","Not compared","Not compared","20190000","",""
"92534","Smoking Prevalence in adults (18+) - ex smokers (APS)","E12000007","London region","E09000022","Lambeth","Upper tier local authorities (4/19 - 3/20)","Persons","18+ yrs","","","2019","20.7854","16.5906","24.9803","","","54862.9531","","","Cannot be calculated","Not compared","Not compared","20190000","",""
"92534","Smoking Prevalence in adults (18+) - ex smokers (APS)","E12000007","London region","E09000023","Lewisham","Upper tier local authorities (4/19 - 3/20)","Persons","18+ yrs","","","2019","23.3007","19.188","27.4133","","","55288.0372","","","Cannot be calculated","Not compared","Not compared","20190000","",""
"92534","Smoking Prevalence in adults (18+) - ex smokers (APS)","E12000007","London region","E09000024","Merton","Upper tier local authorities (4/19 - 3/20)","Persons","18+ yrs","","","2019","21.4877","17.5826","25.3927","","","34195.2701","","","Cannot be calculated","Not compared","Not compared","20190000","",""
"92534","Smoking Prevalence in adults (18+) - ex smokers (APS)","E12000007","London region","E09000025","Newham","Upper tier local authorities (4/19 - 3/20)","Persons","18+ yrs","","","2019","11.7544","8.3657","15.143","","","31391.9703","","","Cannot be calculated","Not compared","Not compared","20190000","",""
"92534","Smoking Prevalence in adults (18+) - ex smokers (APS)","E12000007","London region","E09000026","Redbridge","Upper tier local authorities (4/19 - 3/20)","Persons","18+ yrs","","","2019","13.1046","9.9506","16.2585","","","30006.1689","","","Cannot be calculated","Not compared","Not compared","20190000","",""
"92534","Smoking Prevalence in adults (18+) - ex smokers (APS)","E12000007","London region","E09000027","Richmond upon Thames","Upper tier local authorities (4/19 - 3/20)","Persons","18+ yrs","","","2019","27.1479","22.5225","31.7733","","","41306.5946","","","Cannot be calculated","Not compared","Not compared","20190000","",""
"92534","Smoking Prevalence in adults (18+) - ex smokers (APS)","E12000007","London region","E09000028","Southwark","Upper tier local authorities (4/19 - 3/20)","Persons","18+ yrs","","","2019","18.8222","15.0156","22.6287","","","47719.4254","","","Cannot be calculated","Not compared","Not compared","20190000","",""
"92534","Smoking Prevalence in adults (18+) - ex smokers (APS)","E12000007","London region","E09000029","Sutton","Upper tier local authorities (4/19 - 3/20)","Persons","18+ yrs","","","2019","22.6973","19.0779","26.3166","","","35835.7825","","","Cannot be calculated","Not compared","Not compared","20190000","",""
"92534","Smoking Prevalence in adults (18+) - ex smokers (APS)","E12000007","London region","E09000030","Tower Hamlets","Upper tier local authorities (4/19 - 3/20)","Persons","18+ yrs","","","2019","11.6411","8.2053","15.0769","","","29388.4967","","","Cannot be calculated","Not compared","Not compared","20190000","",""
"92534","Smoking Prevalence in adults (18+) - ex smokers (APS)","E12000007","London region","E09000031","Waltham Forest","Upper tier local authorities (4/19 - 3/20)","Persons","18+ yrs","","","2019","16.795","12.7611","20.8288","","","35307.4233","","","Cannot be calculated","Not compared","Not compared","20190000","",""
"92534","Smoking Prevalence in adults (18+) - ex smokers (APS)","E12000007","London region","E09000032","Wandsworth","Upper tier local authorities (4/19 - 3/20)","Persons","18+ yrs","","","2019","20.3015","16.1413","24.4616","","","53842.5436","","","Cannot be calculated","Not compared","Not compared","20190000","",""
"92534","Smoking Prevalence in adults (18+) - ex smokers (APS)","E12000007","London region","E09000033","Westminster","Upper tier local authorities (4/19 - 3/20)","Persons","18+ yrs","","","2019","21.9024","17.5714","26.2334","","","46548.3029","","","Cannot be calculated","Not compared","Not compared","20190000","",""
"92306","Smoking prevalence in adults (18+) - ex smoker (GPPS)","","","E92000001","England","England","Persons","18+ yrs","","","2019/20","26.8715007311678","26.7678778522447","26.9751236100909","","","","703039","","Cannot be calculated","","","20190000","",""
"92306","Smoking prevalence in adults (18+) - ex smoker (GPPS)","","","E12000007","London region","Upper tier local authorities (4/19 - 3/20)","Persons","18+ yrs","","","2019/20","21.2688148931424","21.033223514553","21.5044062717318","","","","115900","","Cannot be calculated","Not compared","","20190000","",""
"92306","Smoking prevalence in adults (18+) - ex smoker (GPPS)","E12000007","London region","E09000002","Barking and Dagenham","Upper tier local authorities (4/19 - 3/20)","Persons","18+ yrs","","","2019/20","18.7238","17.4245","20.0231","","","","3463","","Cannot be calculated","Not compared","Not compared","20190000","",""
"92306","Smoking prevalence in adults (18+) - ex smoker (GPPS)","E12000007","London region","E09000003","Barnet","Upper tier local authorities (4/19 - 3/20)","Persons","18+ yrs","","","2019/20","21.5707","20.4544","22.6869","","","","5216","","Cannot be calculated","Not compared","Not compared","20190000","",""
"92306","Smoking prevalence in adults (18+) - ex smoker (GPPS)","E12000007","London region","E09000004","Bexley","Upper tier local authorities (4/19 - 3/20)","Persons","18+ yrs","","","2019/20","25.353","23.7123","26.9936","","","","2701","","Cannot be calculated","Not compared","Not compared","20190000","",""
"92306","Smoking prevalence in adults (18+) - ex smoker (GPPS)","E12000007","London region","E09000005","Brent","Upper tier local authorities (4/19 - 3/20)","Persons","18+ yrs","","","2019/20","15.9628","14.9458","16.9797","","","","4983","","Cannot be calculated","Not compared","Not compared","20190000","",""
"92306","Smoking prevalence in adults (18+) - ex smoker (GPPS)","E12000007","London region","E09000006","Bromley","Upper tier local authorities (4/19 - 3/20)","Persons","18+ yrs","","","2019/20","29.015","27.6897","30.3403","","","","4505","","Cannot be calculated","Not compared","Not compared","20190000","",""
"92306","Smoking prevalence in adults (18+) - ex smoker (GPPS)","E12000007","London region","E09000007","Camden","Upper tier local authorities (4/19 - 3/20)","Persons","18+ yrs","","","2019/20","23.3947","21.7999","24.9895","","","","2707","","Cannot be calculated","Not compared","Not compared","20190000","",""
"92306","Smoking prevalence in adults (18+) - ex smoker (GPPS)","E12000007","London region","E09000001","City of London","Upper tier local authorities (4/19 - 3/20)","Persons","18+ yrs","","","2019/20","23.6681","15.5765","31.7598","","","","106","","Cannot be calculated","Not compared","Not compared","20190000","",""
"92306","Smoking prevalence in adults (18+) - ex smoker (GPPS)","E12000007","London region","E09000008","Croydon","Upper tier local authorities (4/19 - 3/20)","Persons","18+ yrs","","","2019/20","22.8048","21.6425","23.9671","","","","5006","","Cannot be calculated","Not compared","Not compared","20190000","",""
"92306","Smoking prevalence in adults (18+) - ex smoker (GPPS)","E12000007","London region","E09000009","Ealing","Upper tier local authorities (4/19 - 3/20)","Persons","18+ yrs","","","2019/20","18.9895","18.0693","19.9097","","","","6979","","Cannot be calculated","Not compared","Not compared","20190000","",""
"92306","Smoking prevalence in adults (18+) - ex smoker (GPPS)","E12000007","London region","E09000010","Enfield","Upper tier local authorities (4/19 - 3/20)","Persons","18+ yrs","","","2019/20","19.6501","18.5307","20.7694","","","","4841","","Cannot be calculated","Not compared","Not compared","20190000","",""
"92306","Smoking prevalence in adults (18+) - ex smoker (GPPS)","E12000007","London region","E09000011","Greenwich","Upper tier local authorities (4/19 - 3/20)","Persons","18+ yrs","","","2019/20","21.3473","19.9396","22.755","","","","3255","","Cannot be calculated","Not compared","Not compared","20190000","",""
"92306","Smoking prevalence in adults (18+) - ex smoker (GPPS)","E12000007","London region","E09000012","Hackney","Upper tier local authorities (4/19 - 3/20)","Persons","18+ yrs","","","2019/20","21.8843","20.4852","23.2834","","","","3355","","Cannot be calculated","Not compared","Not compared","20190000","",""
"92306","Smoking prevalence in adults (18+) - ex smoker (GPPS)","E12000007","London region","E09000013","Hammersmith and Fulham","Upper tier local authorities (4/19 - 3/20)","Persons","18+ yrs","","","2019/20","24.2222","22.5067","25.9377","","","","2396","","Cannot be calculated","Not compared","Not compared","20190000","",""
"92306","Smoking prevalence in adults (18+) - ex smoker (GPPS)","E12000007","London region","E09000014","Haringey","Upper tier local authorities (4/19 - 3/20)","Persons","18+ yrs","","","2019/20","21.0077","19.6015","22.4139","","","","3224","","Cannot be calculated","Not compared","Not compared","20190000","",""
"92306","Smoking prevalence in adults (18+) - ex smoker (GPPS)","E12000007","London region","E09000015","Harrow","Upper tier local authorities (4/19 - 3/20)","Persons","18+ yrs","","","2019/20","16.1545","14.9305","17.3786","","","","3473","","Cannot be calculated","Not compared","Not compared","20190000","",""
"92306","Smoking prevalence in adults (18+) - ex smoker (GPPS)","E12000007","London region","E09000016","Havering","Upper tier local authorities (4/19 - 3/20)","Persons","18+ yrs","","","2019/20","26.027","24.7113","27.3426","","","","4273","","Cannot be calculated","Not compared","Not compared","20190000","",""
"92306","Smoking prevalence in adults (18+) - ex smoker (GPPS)","E12000007","London region","E09000017","Hillingdon","Upper tier local authorities (4/19 - 3/20)","Persons","18+ yrs","","","2019/20","19.9474","18.7993","21.0955","","","","4654","","Cannot be calculated","Not compared","Not compared","20190000","",""
"92306","Smoking prevalence in adults (18+) - ex smoker (GPPS)","E12000007","London region","E09000018","Hounslow","Upper tier local authorities (4/19 - 3/20)","Persons","18+ yrs","","","2019/20","17.8251","16.7201","18.93","","","","4609","","Cannot be calculated","Not compared","Not compared","20190000","",""
"92306","Smoking prevalence in adults (18+) - ex smoker (GPPS)","E12000007","London region","E09000019","Islington","Upper tier local authorities (4/19 - 3/20)","Persons","18+ yrs","","","2019/20","23.2815","21.7203","24.8428","","","","2815","","Cannot be calculated","Not compared","Not compared","20190000","",""
"92306","Smoking prevalence in adults (18+) - ex smoker (GPPS)","E12000007","London region","E09000020","Kensington and Chelsea","Upper tier local authorities (4/19 - 3/20)","Persons","18+ yrs","","","2019/20","24.667","22.9398","26.3942","","","","2393","","Cannot be calculated","Not compared","Not compared","20190000","",""
"92306","Smoking prevalence in adults (18+) - ex smoker (GPPS)","E12000007","London region","E09000021","Kingston upon Thames","Upper tier local authorities (4/19 - 3/20)","Persons","18+ yrs","","","2019/20","21.4199","19.5838","23.256","","","","1918","","Cannot be calculated","Not compared","Not compared","20190000","",""
"92306","Smoking prevalence in adults (18+) - ex smoker (GPPS)","E12000007","London region","E09000022","Lambeth","Upper tier local authorities (4/19 - 3/20)","Persons","18+ yrs","","","2019/20","22.1272","20.7434","23.511","","","","3457","","Cannot be calculated","Not compared","Not compared","20190000","",""
"92306","Smoking prevalence in adults (18+) - ex smoker (GPPS)","E12000007","London region","E09000023","Lewisham","Upper tier local authorities (4/19 - 3/20)","Persons","18+ yrs","","","2019/20","22.4702","21.0374","23.903","","","","3260","","Cannot be calculated","Not compared","Not compared","20190000","",""
"92306","Smoking prevalence in adults (18+) - ex smoker (GPPS)","E12000007","London region","E09000024","Merton","Upper tier local authorities (4/19 - 3/20)","Persons","18+ yrs","","","2019/20","22.4517","20.8058","24.0976","","","","2469","","Cannot be calculated","Not compared","Not compared","20190000","",""
"92306","Smoking prevalence in adults (18+) - ex smoker (GPPS)","E12000007","London region","E09000025","Newham","Upper tier local authorities (4/19 - 3/20)","Persons","18+ yrs","","","2019/20","14.13","13.0435","15.2166","","","","3948","","Cannot be calculated","Not compared","Not compared","20190000","",""
"92306","Smoking prevalence in adults (18+) - ex smoker (GPPS)","E12000007","London region","E09000026","Redbridge","Upper tier local authorities (4/19 - 3/20)","Persons","18+ yrs","","","2019/20","17.905","16.7819","19.028","","","","4477","","Cannot be calculated","Not compared","Not compared","20190000","",""
"92306","Smoking prevalence in adults (18+) - ex smoker (GPPS)","E12000007","London region","E09000027","Richmond upon Thames","Upper tier local authorities (4/19 - 3/20)","Persons","18+ yrs","","","2019/20","27.31","25.6244","28.9956","","","","2684","","Cannot be calculated","Not compared","Not compared","20190000","",""
"92306","Smoking prevalence in adults (18+) - ex smoker (GPPS)","E12000007","London region","E09000028","Southwark","Upper tier local authorities (4/19 - 3/20)","Persons","18+ yrs","","","2019/20","19.8183","18.4392","21.1973","","","","3210","","Cannot be calculated","Not compared","Not compared","20190000","",""
"92306","Smoking prevalence in adults (18+) - ex smoker (GPPS)","E12000007","London region","E09000029","Sutton","Upper tier local authorities (4/19 - 3/20)","Persons","18+ yrs","","","2019/20","26.383","24.6844","28.0816","","","","2586","","Cannot be calculated","Not compared","Not compared","20190000","",""
"92306","Smoking prevalence in adults (18+) - ex smoker (GPPS)","E12000007","London region","E09000030","Tower Hamlets","Upper tier local authorities (4/19 - 3/20)","Persons","18+ yrs","","","2019/20","16.4332","15.0727","17.7938","","","","2850","","Cannot be calculated","Not compared","Not compared","20190000","",""
"92306","Smoking prevalence in adults (18+) - ex smoker (GPPS)","E12000007","London region","E09000031","Waltham Forest","Upper tier local authorities (4/19 - 3/20)","Persons","18+ yrs","","","2019/20","23.4873","22.1255","24.849","","","","3723","","Cannot be calculated","Not compared","Not compared","20190000","",""
"92306","Smoking prevalence in adults (18+) - ex smoker (GPPS)","E12000007","London region","E09000032","Wandsworth","Upper tier local authorities (4/19 - 3/20)","Persons","18+ yrs","","","2019/20","22.6945","21.3084","24.0806","","","","3508","","Cannot be calculated","Not compared","Not compared","20190000","",""
"92306","Smoking prevalence in adults (18+) - ex smoker (GPPS)","E12000007","London region","E09000033","Westminster","Upper tier local authorities (4/19 - 3/20)","Persons","18+ yrs","","","2019/20","22.391","20.8621","23.9199","","","","2856","","Cannot be calculated","Not compared","Not compared","20190000","",""
"92538","Smoking Prevalence in adults (18+) - never smoked (APS)","","","E92000001","England","England","Persons","18+ yrs","","","2019","60.4459214564535","60.1193584299769","60.7724844829301","","","26755415.766741335","","","Cannot be calculated","","","20190000","",""
"92538","Smoking Prevalence in adults (18+) - never smoked (APS)","","","E12000007","London region","Upper tier local authorities (4/19 - 3/20)","Persons","18+ yrs","","","2019","67.589269397594","66.6821229174417","68.4964158777462","","","4683640.328253302","","","Cannot be calculated","Better","","20190000","",""
"92538","Smoking Prevalence in adults (18+) - never smoked (APS)","E12000007","London region","E09000002","Barking and Dagenham","Upper tier local authorities (4/19 - 3/20)","Persons","18+ yrs","","","2019","71.2703","66.6073","75.9332","","","106448.5968","","","Cannot be calculated","Better","Similar","20190000","",""
"92538","Smoking Prevalence in adults (18+) - never smoked (APS)","E12000007","London region","E09000003","Barnet","Upper tier local authorities (4/19 - 3/20)","Persons","18+ yrs","","","2019","69.2785","64.2223","74.3346","","","209357.4192","","","Cannot be calculated","Better","Similar","20190000","",""
"92538","Smoking Prevalence in adults (18+) - never smoked (APS)","E12000007","London region","E09000004","Bexley","Upper tier local authorities (4/19 - 3/20)","Persons","18+ yrs","","","2019","61.0622","56.5363","65.5882","","","116750.9736","","","Cannot be calculated","Similar","Worse","20190000","",""
"92538","Smoking Prevalence in adults (18+) - never smoked (APS)","E12000007","London region","E09000005","Brent","Upper tier local authorities (4/19 - 3/20)","Persons","18+ yrs","","","2019","75.1947","69.0205","81.369","","","189553.9268","","","Cannot be calculated","Better","Better","20190000","",""
"92538","Smoking Prevalence in adults (18+) - never smoked (APS)","E12000007","London region","E09000006","Bromley","Upper tier local authorities (4/19 - 3/20)","Persons","18+ yrs","","","2019","66.3879","61.9199","70.856","","","170851.984","","","Cannot be calculated","Better","Similar","20190000","",""
"92538","Smoking Prevalence in adults (18+) - never smoked (APS)","E12000007","London region","E09000007","Camden","Upper tier local authorities (4/19 - 3/20)","Persons","18+ yrs","","","2019","65.4641","60.3729","70.5554","","","142464.3898","","","Cannot be calculated","Similar","Similar","20190000","",""
"92538","Smoking Prevalence in adults (18+) - never smoked (APS)","E12000007","London region","E09000001","City of London","Upper tier local authorities (4/19 - 3/20)","Persons","18+ yrs","","","2019","","","","","","","","","Cannot be calculated","Not compared","Not compared","20190000","",""
"92538","Smoking Prevalence in adults (18+) - never smoked (APS)","E12000007","London region","E09000008","Croydon","Upper tier local authorities (4/19 - 3/20)","Persons","18+ yrs","","","2019","67.8605","63.5475","72.1735","","","198002.6949","","","Cannot be calculated","Better","Similar","20190000","",""
"92538","Smoking Prevalence in adults (18+) - never smoked (APS)","E12000007","London region","E09000009","Ealing","Upper tier local authorities (4/19 - 3/20)","Persons","18+ yrs","","","2019","72.4338","66.71","78.1577","","","188062.8589","","","Cannot be calculated","Better","Similar","20190000","",""
"92538","Smoking Prevalence in adults (18+) - never smoked (APS)","E12000007","London region","E09000010","Enfield","Upper tier local authorities (4/19 - 3/20)","Persons","18+ yrs","","","2019","66.2284","61.1575","71.2993","","","165229.8529","","","Cannot be calculated","Better","Similar","20190000","",""
"92538","Smoking Prevalence in adults (18+) - never smoked (APS)","E12000007","London region","E09000011","Greenwich","Upper tier local authorities (4/19 - 3/20)","Persons","18+ yrs","","","2019","65.2363","60.4472","70.0254","","","142799.0069","","","Cannot be calculated","Better","Similar","20190000","",""
"92538","Smoking Prevalence in adults (18+) - never smoked (APS)","E12000007","London region","E09000012","Hackney","Upper tier local authorities (4/19 - 3/20)","Persons","18+ yrs","","","2019","71.3582","66.387","76.3295","","","155028.6297","","","Cannot be calculated","Better","Similar","20190000","",""
"92538","Smoking Prevalence in adults (18+) - never smoked (APS)","E12000007","London region","E09000013","Hammersmith and Fulham","Upper tier local authorities (4/19 - 3/20)","Persons","18+ yrs","","","2019","68.2488","63.1387","73.3589","","","101083.959","","","Cannot be calculated","Better","Similar","20190000","",""
"92538","Smoking Prevalence in adults (18+) - never smoked (APS)","E12000007","London region","E09000014","Haringey","Upper tier local authorities (4/19 - 3/20)","Persons","18+ yrs","","","2019","65.048","59.9305","70.1655","","","135820.1332","","","Cannot be calculated","Similar","Similar","20190000","",""
"92538","Smoking Prevalence in adults (18+) - never smoked (APS)","E12000007","London region","E09000015","Harrow","Upper tier local authorities (4/19 - 3/20)","Persons","18+ yrs","","","2019","73.6585","68.3082","79.0087","","","141265.9314","","","Cannot be calculated","Better","Better","20190000","",""
"92538","Smoking Prevalence in adults (18+) - never smoked (APS)","E12000007","London region","E09000016","Havering","Upper tier local authorities (4/19 - 3/20)","Persons","18+ yrs","","","2019","59.1432","54.4444","63.8421","","","118990.8795","","","Cannot be calculated","Similar","Worse","20190000","",""
"92538","Smoking Prevalence in adults (18+) - never smoked (APS)","E12000007","London region","E09000017","Hillingdon","Upper tier local authorities (4/19 - 3/20)","Persons","18+ yrs","","","2019","70.4776","65.545","75.4101","","","164066.8302","","","Cannot be calculated","Better","Similar","20190000","",""
"92538","Smoking Prevalence in adults (18+) - never smoked (APS)","E12000007","London region","E09000018","Hounslow","Upper tier local authorities (4/19 - 3/20)","Persons","18+ yrs","","","2019","64.9985","58.8206","71.1764","","","134086.1051","","","Cannot be calculated","Similar","Similar","20190000","",""
"92538","Smoking Prevalence in adults (18+) - never smoked (APS)","E12000007","London region","E09000019","Islington","Upper tier local authorities (4/19 - 3/20)","Persons","18+ yrs","","","2019","66.9608","61.4492","72.4723","","","133950.3084","","","Cannot be calculated","Better","Similar","20190000","",""
"92538","Smoking Prevalence in adults (18+) - never smoked (APS)","E12000007","London region","E09000020","Kensington and Chelsea","Upper tier local authorities (4/19 - 3/20)","Persons","18+ yrs","","","2019","61.731","56.0903","67.3717","","","78525.5767","","","Cannot be calculated","Similar","Worse","20190000","",""
"92538","Smoking Prevalence in adults (18+) - never smoked (APS)","E12000007","London region","E09000021","Kingston upon Thames","Upper tier local authorities (4/19 - 3/20)","Persons","18+ yrs","","","2019","64.0293","59.2284","68.8302","","","88346.9739","","","Cannot be calculated","Similar","Similar","20190000","",""
"92538","Smoking Prevalence in adults (18+) - never smoked (APS)","E12000007","London region","E09000022","Lambeth","Upper tier local authorities (4/19 - 3/20)","Persons","18+ yrs","","","2019","65.8515","60.9366","70.7664","","","173814.4681","","","Cannot be calculated","Better","Similar","20190000","",""
"92538","Smoking Prevalence in adults (18+) - never smoked (APS)","E12000007","London region","E09000023","Lewisham","Upper tier local authorities (4/19 - 3/20)","Persons","18+ yrs","","","2019","62.1669","57.2897","67.0441","","","147510.2212","","","Cannot be calculated","Similar","Worse","20190000","",""
"92538","Smoking Prevalence in adults (18+) - never smoked (APS)","E12000007","London region","E09000024","Merton","Upper tier local authorities (4/19 - 3/20)","Persons","18+ yrs","","","2019","64.965","60.1402","69.7899","","","103384.721","","","Cannot be calculated","Similar","Similar","20190000","",""
"92538","Smoking Prevalence in adults (18+) - never smoked (APS)","E12000007","London region","E09000025","Newham","Upper tier local authorities (4/19 - 3/20)","Persons","18+ yrs","","","2019","74.432","69.1345","79.7295","","","198782.554","","","Cannot be calculated","Better","Better","20190000","",""
"92538","Smoking Prevalence in adults (18+) - never smoked (APS)","E12000007","London region","E09000026","Redbridge","Upper tier local authorities (4/19 - 3/20)","Persons","18+ yrs","","","2019","73.5292","69.0227","78.0358","","","168363.5408","","","Cannot be calculated","Better","Better","20190000","",""
"92538","Smoking Prevalence in adults (18+) - never smoked (APS)","E12000007","London region","E09000027","Richmond upon Thames","Upper tier local authorities (4/19 - 3/20)","Persons","18+ yrs","","","2019","64.8524","60.0461","69.6587","","","98675.5096","","","Cannot be calculated","Similar","Similar","20190000","",""
"92538","Smoking Prevalence in adults (18+) - never smoked (APS)","E12000007","London region","E09000028","Southwark","Upper tier local authorities (4/19 - 3/20)","Persons","18+ yrs","","","2019","65.6194","60.697","70.5417","","","166363.435","","","Cannot be calculated","Better","Similar","20190000","",""
"92538","Smoking Prevalence in adults (18+) - never smoked (APS)","E12000007","London region","E09000029","Sutton","Upper tier local authorities (4/19 - 3/20)","Persons","18+ yrs","","","2019","61.4764","56.8594","66.0933","","","97062.5668","","","Cannot be calculated","Similar","Worse","20190000","",""
"92538","Smoking Prevalence in adults (18+) - never smoked (APS)","E12000007","London region","E09000030","Tower Hamlets","Upper tier local authorities (4/19 - 3/20)","Persons","18+ yrs","","","2019","73.2602","68.542","77.9784","","","184949.0054","","","Cannot be calculated","Better","Better","20190000","",""
"92538","Smoking Prevalence in adults (18+) - never smoked (APS)","E12000007","London region","E09000031","Waltham Forest","Upper tier local authorities (4/19 - 3/20)","Persons","18+ yrs","","","2019","67.0544","61.4691","72.6398","","","140965.8593","","","Cannot be calculated","Better","Similar","20190000","",""
"92538","Smoking Prevalence in adults (18+) - never smoked (APS)","E12000007","London region","E09000032","Wandsworth","Upper tier local authorities (4/19 - 3/20)","Persons","18+ yrs","","","2019","66.233","61.1727","71.2933","","","175659.807","","","Cannot be calculated","Better","Similar","20190000","",""
"92538","Smoking Prevalence in adults (18+) - never smoked (APS)","E12000007","London region","E09000033","Westminster","Upper tier local authorities (4/19 - 3/20)","Persons","18+ yrs","","","2019","67.6263","62.399","72.8536","","","143723.4582","","","Cannot be calculated","Better","Similar","20190000","",""
"92308","Smoking prevalence in adults (18+) - never smoked (GPPS)","","","E92000001","England","England","Persons","18+ yrs","","","2019/20","58.8116354921963","58.6965858520053","58.9266851323873","","","","703039","","Cannot be calculated","","","20190000","",""
"92308","Smoking prevalence in adults (18+) - never smoked (GPPS)","","","E12000007","London region","Upper tier local authorities (4/19 - 3/20)","Persons","18+ yrs","","","2019/20","63.3414717918377","63.0640465707175","63.618897012958","","","","115900","","Cannot be calculated","Better","","20190000","",""
"92308","Smoking prevalence in adults (18+) - never smoked (GPPS)","E12000007","London region","E09000002","Barking and Dagenham","Upper tier local authorities (4/19 - 3/20)","Persons","18+ yrs","","","2019/20","63.0448","61.4372","64.6525","","","","3463","","Cannot be calculated","Better","Similar","20190000","",""
"92308","Smoking prevalence in adults (18+) - never smoked (GPPS)","E12000007","London region","E09000003","Barnet","Upper tier local authorities (4/19 - 3/20)","Persons","18+ yrs","","","2019/20","64.6179","63.3202","65.9155","","","","5216","","Cannot be calculated","Better","Similar","20190000","",""
"92308","Smoking prevalence in adults (18+) - never smoked (GPPS)","E12000007","London region","E09000004","Bexley","Upper tier local authorities (4/19 - 3/20)","Persons","18+ yrs","","","2019/20","61.503","59.6679","63.3381","","","","2701","","Cannot be calculated","Better","Worse","20190000","",""
"92308","Smoking prevalence in adults (18+) - never smoked (GPPS)","E12000007","London region","E09000005","Brent","Upper tier local authorities (4/19 - 3/20)","Persons","18+ yrs","","","2019/20","69.2409","67.9595","70.5223","","","","4983","","Cannot be calculated","Better","Better","20190000","",""
"92308","Smoking prevalence in adults (18+) - never smoked (GPPS)","E12000007","London region","E09000006","Bromley","Upper tier local authorities (4/19 - 3/20)","Persons","18+ yrs","","","2019/20","59.628","58.1953","61.0608","","","","4505","","Cannot be calculated","Similar","Worse","20190000","",""
"92308","Smoking prevalence in adults (18+) - never smoked (GPPS)","E12000007","London region","E09000007","Camden","Upper tier local authorities (4/19 - 3/20)","Persons","18+ yrs","","","2019/20","59.0156","57.1629","60.8683","","","","2707","","Cannot be calculated","Similar","Worse","20190000","",""
"92308","Smoking prevalence in adults (18+) - never smoked (GPPS)","E12000007","London region","E09000001","City of London","Upper tier local authorities (4/19 - 3/20)","Persons","18+ yrs","","","2019/20","68.6624","59.8317","77.4931","","","","106","","Cannot be calculated","Better","Similar","20190000","",""
"92308","Smoking prevalence in adults (18+) - never smoked (GPPS)","E12000007","London region","E09000008","Croydon","Upper tier local authorities (4/19 - 3/20)","Persons","18+ yrs","","","2019/20","62.8609","61.5224","64.1993","","","","5006","","Cannot be calculated","Better","Similar","20190000","",""
"92308","Smoking prevalence in adults (18+) - never smoked (GPPS)","E12000007","London region","E09000009","Ealing","Upper tier local authorities (4/19 - 3/20)","Persons","18+ yrs","","","2019/20","66.3993","65.2911","67.5075","","","","6979","","Cannot be calculated","Better","Better","20190000","",""
"92308","Smoking prevalence in adults (18+) - never smoked (GPPS)","E12000007","London region","E09000010","Enfield","Upper tier local authorities (4/19 - 3/20)","Persons","18+ yrs","","","2019/20","62.2035","60.8376","63.5694","","","","4841","","Cannot be calculated","Better","Similar","20190000","",""
"92308","Smoking prevalence in adults (18+) - never smoked (GPPS)","E12000007","London region","E09000011","Greenwich","Upper tier local authorities (4/19 - 3/20)","Persons","18+ yrs","","","2019/20","62.9179","61.2585","64.5773","","","","3255","","Cannot be calculated","Better","Similar","20190000","",""
"92308","Smoking prevalence in adults (18+) - never smoked (GPPS)","E12000007","London region","E09000012","Hackney","Upper tier local authorities (4/19 - 3/20)","Persons","18+ yrs","","","2019/20","58.6188","56.9522","60.2854","","","","3355","","Cannot be calculated","Similar","Worse","20190000","",""
"92308","Smoking prevalence in adults (18+) - never smoked (GPPS)","E12000007","London region","E09000013","Hammersmith and Fulham","Upper tier local authorities (4/19 - 3/20)","Persons","18+ yrs","","","2019/20","57.5571","55.578","59.5362","","","","2396","","Cannot be calculated","Similar","Worse","20190000","",""
"92308","Smoking prevalence in adults (18+) - never smoked (GPPS)","E12000007","London region","E09000014","Haringey","Upper tier local authorities (4/19 - 3/20)","Persons","18+ yrs","","","2019/20","59.8863","58.1944","61.5782","","","","3224","","Cannot be calculated","Similar","Worse","20190000","",""
"92308","Smoking prevalence in adults (18+) - never smoked (GPPS)","E12000007","London region","E09000015","Harrow","Upper tier local authorities (4/19 - 3/20)","Persons","18+ yrs","","","2019/20","71.4174","69.9147","72.92","","","","3473","","Cannot be calculated","Better","Better","20190000","",""
"92308","Smoking prevalence in adults (18+) - never smoked (GPPS)","E12000007","London region","E09000016","Havering","Upper tier local authorities (4/19 - 3/20)","Persons","18+ yrs","","","2019/20","60.5899","59.1247","62.0551","","","","4273","","Cannot be calculated","Better","Worse","20190000","",""
"92308","Smoking prevalence in adults (18+) - never smoked (GPPS)","E12000007","London region","E09000017","Hillingdon","Upper tier local authorities (4/19 - 3/20)","Persons","18+ yrs","","","2019/20","67.3596","66.0124","68.7067","","","","4654","","Cannot be calculated","Better","Better","20190000","",""
"92308","Smoking prevalence in adults (18+) - never smoked (GPPS)","E12000007","London region","E09000018","Hounslow","Upper tier local authorities (4/19 - 3/20)","Persons","18+ yrs","","","2019/20","66.5444","65.1822","67.9066","","","","4609","","Cannot be calculated","Better","Better","20190000","",""
"92308","Smoking prevalence in adults (18+) - never smoked (GPPS)","E12000007","London region","E09000019","Islington","Upper tier local authorities (4/19 - 3/20)","Persons","18+ yrs","","","2019/20","59.2671","57.452","61.0822","","","","2815","","Cannot be calculated","Similar","Worse","20190000","",""
"92308","Smoking prevalence in adults (18+) - never smoked (GPPS)","E12000007","London region","E09000020","Kensington and Chelsea","Upper tier local authorities (4/19 - 3/20)","Persons","18+ yrs","","","2019/20","58.5631","56.5893","60.5368","","","","2393","","Cannot be calculated","Similar","Worse","20190000","",""
"92308","Smoking prevalence in adults (18+) - never smoked (GPPS)","E12000007","London region","E09000021","Kingston upon Thames","Upper tier local authorities (4/19 - 3/20)","Persons","18+ yrs","","","2019/20","65.5143","63.3871","67.6416","","","","1918","","Cannot be calculated","Better","Better","20190000","",""
"92308","Smoking prevalence in adults (18+) - never smoked (GPPS)","E12000007","London region","E09000022","Lambeth","Upper tier local authorities (4/19 - 3/20)","Persons","18+ yrs","","","2019/20","61.6093","59.988","63.2305","","","","3457","","Cannot be calculated","Better","Worse","20190000","",""
"92308","Smoking prevalence in adults (18+) - never smoked (GPPS)","E12000007","London region","E09000023","Lewisham","Upper tier local authorities (4/19 - 3/20)","Persons","18+ yrs","","","2019/20","59.9198","58.2375","61.602","","","","3260","","Cannot be calculated","Similar","Worse","20190000","",""
"92308","Smoking prevalence in adults (18+) - never smoked (GPPS)","E12000007","London region","E09000024","Merton","Upper tier local authorities (4/19 - 3/20)","Persons","18+ yrs","","","2019/20","63.007","61.1027","64.9114","","","","2469","","Cannot be calculated","Better","Similar","20190000","",""
"92308","Smoking prevalence in adults (18+) - never smoked (GPPS)","E12000007","London region","E09000025","Newham","Upper tier local authorities (4/19 - 3/20)","Persons","18+ yrs","","","2019/20","68.4818","67.0325","69.931","","","","3948","","Cannot be calculated","Better","Better","20190000","",""
"92308","Smoking prevalence in adults (18+) - never smoked (GPPS)","E12000007","London region","E09000026","Redbridge","Upper tier local authorities (4/19 - 3/20)","Persons","18+ yrs","","","2019/20","71.0003","69.6711","72.3295","","","","4477","","Cannot be calculated","Better","Better","20190000","",""
"92308","Smoking prevalence in adults (18+) - never smoked (GPPS)","E12000007","London region","E09000027","Richmond upon Thames","Upper tier local authorities (4/19 - 3/20)","Persons","18+ yrs","","","2019/20","62.1912","60.3567","64.0258","","","","2684","","Cannot be calculated","Better","Similar","20190000","",""
"92308","Smoking prevalence in adults (18+) - never smoked (GPPS)","E12000007","London region","E09000028","Southwark","Upper tier local authorities (4/19 - 3/20)","Persons","18+ yrs","","","2019/20","64.1456","62.4866","65.8047","","","","3210","","Cannot be calculated","Better","Similar","20190000","",""
"92308","Smoking prevalence in adults (18+) - never smoked (GPPS)","E12000007","London region","E09000029","Sutton","Upper tier local authorities (4/19 - 3/20)","Persons","18+ yrs","","","2019/20","60.4382","58.5535","62.3229","","","","2586","","Cannot be calculated","Similar","Worse","20190000","",""
"92308","Smoking prevalence in adults (18+) - never smoked (GPPS)","E12000007","London region","E09000030","Tower Hamlets","Upper tier local authorities (4/19 - 3/20)","Persons","18+ yrs","","","2019/20","64.6495","62.8944","66.4047","","","","2850","","Cannot be calculated","Better","Similar","20190000","",""
"92308","Smoking prevalence in adults (18+) - never smoked (GPPS)","E12000007","London region","E09000031","Waltham Forest","Upper tier local authorities (4/19 - 3/20)","Persons","18+ yrs","","","2019/20","60.5627","58.9928","62.1325","","","","3723","","Cannot be calculated","Better","Worse","20190000","",""
"92308","Smoking prevalence in adults (18+) - never smoked (GPPS)","E12000007","London region","E09000032","Wandsworth","Upper tier local authorities (4/19 - 3/20)","Persons","18+ yrs","","","2019/20","62.3306","60.7271","63.9341","","","","3508","","Cannot be calculated","Better","Similar","20190000","",""
"92308","Smoking prevalence in adults (18+) - never smoked (GPPS)","E12000007","London region","E09000033","Westminster","Upper tier local authorities (4/19 - 3/20)","Persons","18+ yrs","","","2019/20","62.5087","60.7332","64.2842","","","","2856","","Cannot be calculated","Better","Similar","20190000","",""
